项目参与人,项目参与人所在单位
韩东红,东北大学
印莹,东北大学
毛克明,东北大学
张恩德,东北大学
李源,东北大学
关博馨,东北大学
时生乐,东北大学
李玲,东北大学
辛恩会,东北大学
马连博,东北大学
贾子熙,东北大学
李婕,东北大学
李福亮,东北大学
张闯闯,东北大学
何强,东北大学
赵勇,东北大学
杨茗周,东北大学
董安葳,东北大学
言勇华,上海交通大学
刘超,上海交通大学
汪辉,上海交通大学
董伟,上海交通大学
韩勇,上海交通大学
胡健,上海交通大学
杨启杰,上海交通大学
庄松林,上海理工大学
方广有,中国科学院空天信息创新研究院
李超,中国科学院空天信息创新研究院
丁丽,上海理工大学
李世超,中国科学院空天信息创新研究院
陈紫微,中国科学院空天信息创新研究院
卢伟,中国科学院空天信息创新研究院
王喜旺,上海理工大学
吴文俊,上海理工大学
庄昌凌,贵州大学
阳辉,贵州大学
黄碧芳,贵州大学
李中元,贵州大学
陈龙海,贵州大学
杜文辉,贵州大学
张世鑫,贵州大学
刘娟,西南大学
朱兆荣,西南大学
罗艺晨,西南大学
田兰,西南大学
龚志成,西南大学
郝永峰,西南大学
杨显朝,西南大学
宋寒,西南大学
李晓鹏,中国科学院南京土壤研究所
邹晓娟,中国科学院南京土壤研究所
闫一凡,中国科学院南京土壤研究所
赵永超,中国科学院南京土壤研究所
纪景纯,中国科学院南京土壤研究所
李梅,中国人民解放军南部战区总医院
付长慧,中国科学院理化技术研究所
柯晋,中国人民解放军南部战区总医院
张林林,中国科学院理化技术研究所
楚晓,中国人民解放军南部战区总医院
陆遥,中国人民解放军南部战区总医院
吴琼,中国科学院理化技术研究所
陈曾贞,中国科学院理化技术研究所
李宗陈,中国人民解放军南部战区总医院
柴修伟,武汉工程大学
高阳,中国科学院武汉岩土力学研究所
姜玥,中国科学院武汉岩土力学研究所
许奎,武汉工程大学
黄磊,中国科学院武汉岩土力学研究所
史林肯,中国科学院武汉岩土力学研究所
李秉展,西南交通大学
罗紫萍,台湾景文科技大学
张春雷,四川省建筑设计研究院
胡丰珺,西南交通大学
郑利龙,西南交通大学
王翊蘅,西南交通大学
叶波,西南交通大学
谢伟,西南交通大学
南丽霞,西南交通大学
姚晓琳,湖北工业大学
高志明,湖北工业大学
冯有楠,湖北工业大学
张帮恒,湖北工业大学
苏春霞,湖北工业大学
金磊,中国医科大学
支德贵,美国阿拉巴马大学伯明翰分校
周波,中国医科大学
吴晓梅,中国医科大学
马冰,中国医科大学
孙皓,中国医科大学
李光校,中国医科大学
陈萌,中国医科大学
艾聪,中国医科大学
曹祝楼,山东大学
唐振超,山东大学
孙文燕,山东大学
薛鹏,山东大学
黄文高,山东大学
葛全序,威海市立医院
房伟,潍坊市益都中心医院
亓玉佩,山东大学
李宇森,山东大学
李金兰,湖北工业大学
路瑞利,湖北工业大学
李立风,湖北工业大学
高崎,湖北工业大学
黄海,中山大学
陈凯,中山大学
金歆,中山大学
梁格豪,中山大学
陈怡,中山大学
罗伟,中山大学
刘子豪,中山大学
牟介刚,浙江工业大学
吴登昊,浙江工业大学
任芸,浙江工业大学
吴振兴,浙江工业大学
刘涛,浙江工业大学
张冯烨,浙江工业大学
张博论,台湾阳明大学
李佳,首都医科大学
季美华,首都医科大学
崔妍妍,首都医科大学
丁舒,首都医科大学
张艳,首都医科大学
刘溢思,首都医科大学
秦彦荣,首都医科大学
梁竹苑,中国科学院心理研究所
魏泳涛,四川大学
石宵爽,四川大学
Muhammad Kashif KHAN,英国考文垂大学
邵冰莓,四川大学
张宏,四川大学
陈尧,四川大学
杨昆,四川大学
谢少雄,四川大学
李权,四川大学
张海涛,中国水利水电科学研究院
刘扬,中国水利水电科学研究院
张艳平,中国水利水电科学研究院
林鹏飞,中国水利水电科学研究院
孙萍萍,中国水利水电科学研究院
姚懿真,中国水利水电科学研究院
刘鼎,中国水利水电科学研究院
陈胜,河海大学
贺蔚,河海大学
刘甲春,河海大学
倪尉翔,河海大学
许听雨,河海大学
葛佩明,河海大学
李楠,河海大学
郑雪莲,河海大学
王才欢,长江水利委员会长江科学院
李利,长江水利委员会长江科学院
胡梅从,长江水利委员会长江科学院
王建有,郑州大学
王娟,郑州大学
赵凤遥,郑州大学
葛巍,郑州大学
李巍,郑州大学
李奇,郑州大学
吴赛,郑州大学
李娟娟,郑州大学
陈浩帆,郑州大学
邹孝付,北京航空航天大学
程江峰,北京航空航天大学
戚庆林,北京航空航天大学
张萌,北京航空航天大学
罗瑞,北京航空航天大学
唐玥,北京航空航天大学
孟凡奇,北京航空航天大学
张鹏元,北京航空航天大学
隋芳媛,北京航空航天大学
刘钡钡,清华大学
张承巍,清华大学
刘果,清华大学
陈俊宇,清华大学
郑孟蕾,清华大学
黄忠山,清华大学
雷美娟,清华大学
李东平,中南大学
聂如松,中南大学
杨奇,中南大学
郭一鹏,中南大学
梅慧浩,中南大学
金子豪,中南大学
王游悬,中南大学
吴瑕,湖北省水利水电科学研究院
吴凤燕,湖北省水利水电科学研究院
余明勇,湖北省水利水电科学研究院
董苇,湖北省水利水电科学研究院
陈绪勋,湖北省水利水电科学研究院
王剑,湖北省水利水电科学研究院
周宜红,三峡大学
王宇峰,三峡大学
潘志国,三峡大学
杨靖,三峡大学
董四海,三峡大学
彭湃,三峡大学
杨改强,太原科技大学
李一菲,太原科技大学
刘晓娜,太原科技大学
吉莉,太原科技大学
赵慧超,太原科技大学
康丽,太原科技大学
曾鹏,广东工业大学
刘春英,广东工业大学
黄晓晔,广东工业大学
郑琼彬,广东工业大学
陈雄飞,广东工业大学
潘虹,河海大学
葛新峰,河海大学
阚阚,河海大学
陈会向,河海大学
刘惠文,河海大学
付士凤,河海大学
蒋文青,河海大学
李东阔,河海大学
成军,湖北民族大学
谭学文,云南民族大学
邱洁,云南民族大学
李蓉,云南民族大学
彭晨,云南民族大学
喻骁,南京工程学院
牛龙龙,南京工程学院
夏冰青,南京工程学院
过轶青,南京工程学院
闵弘,中国科学院武汉岩土力学研究所
魏明尧,中国科学院武汉岩土力学研究所
阮航,中国科学院武汉岩土力学研究所
崔洁,中国科学院武汉岩土力学研究所
钟山,中国科学院武汉岩土力学研究所
李桐,中国科学院武汉岩土力学研究所
陈谱光,清华大学
李高,清华大学
李倩倩,清华大学
张正宵,清华大学
陈怀,清华大学
吴军军,清华大学
张伯斗,清华大学
LIM YEH JUN,清华大学
霍丽娟,太原科技大学
高淑琴,太原科技大学
刘晓红,太原科技大学
程明超,太原科技大学
高雪莹,太原科技大学
苏海健,中国矿业大学
孟波,中国矿业大学
尹乾,中国矿业大学
杜明瑞,中国矿业大学
张晶,中国矿业大学
李光雷,中国矿业大学
刘成林,南昌大学
祝鹏,南昌大学
袁冬阳,南昌大学
张带琴,南昌大学
皮家骏,南昌大学
王进,浙江大学
徐凡,浙江大学
王伟,浙江大学
党渊渊,浙江大学
姚杰,浙江大学
桑子涵,浙江大学
白玉龙,浙江大学
彭理仁,浙江大学
马海波,三峡大学
郭家力,三峡大学
韦能,三峡大学
周栋,三峡大学
杨正兵,中国航发四川燃气涡轮研究院
陈博,西北工业大学
贾志旭,吉林大学
张宗达,吉林大学
国旗,吉林大学
明昕宇,吉林大学
崔丁元,吉林大学
雷成秀,吉林大学
朱兴业,江苏大学
张帆,江苏大学
汤攀,江苏大学
许正典,江苏大学
肖思强,江苏大学
孙丽萍,安徽师范大学
赵传信,安徽师范大学
徐致云,安徽师范大学
郑孝遥,安徽师范大学
俞庆英,安徽师范大学
胡桂银,安徽师范大学
邓劲松,安徽师范大学
邢凯,安徽师范大学
宁雪莉,安徽师范大学
