学者,论文标题
洪军,外包空间数据库的完整性保证机制
温涛,外包空间数据库的完整性保证机制
叶正旺,外包空间数据库的完整性保证机制
康珺,外包空间数据库的完整性保证机制
时宇岑,基于多开发者社区的用户推荐算法
印莹,基于多开发者社区的用户推荐算法
赵宇海,基于多开发者社区的用户推荐算法
张斌,基于多开发者社区的用户推荐算法
王国仁,基于多开发者社区的用户推荐算法
宗枫博,面向多表数据连接投影和连接顺序的优化方法
赵宇海,面向多表数据连接投影和连接顺序的优化方法
王国仁,面向多表数据连接投影和连接顺序的优化方法
季航旭,面向多表数据连接投影和连接顺序的优化方法
李源,一种大规模双网络中k-连通Truss子图发现算法
盛飞,一种大规模双网络中k-连通Truss子图发现算法
孙晶,一种大规模双网络中k-连通Truss子图发现算法
赵宇海,一种大规模双网络中k-连通Truss子图发现算法
王国仁,一种大规模双网络中k-连通Truss子图发现算法
庞俊,DE-ELM-SSC+半监督分类算法
黄恒,DE-ELM-SSC+半监督分类算法
张寿,DE-ELM-SSC+半监督分类算法
舒智梁,DE-ELM-SSC+半监督分类算法
赵宇海,DE-ELM-SSC+半监督分类算法
郭文鹏,面向Flink迭代计算的高效容错处理技术
赵宇海,面向Flink迭代计算的高效容错处理技术
王国仁,面向Flink迭代计算的高效容错处理技术
韦刘国,面向Flink迭代计算的高效容错处理技术
李敏,基于LSH的时间序列DTW相似性查询
于长永,基于LSH的时间序列DTW相似性查询
张峰,基于LSH的时间序列DTW相似性查询
马海涛,基于LSH的时间序列DTW相似性查询
赵宇海,基于LSH的时间序列DTW相似性查询
赵宇海,一种面向大规模序列数据的交互特征并行挖掘算法
印莹,一种面向大规模序列数据的交互特征并行挖掘算法
李源,一种面向大规模序列数据的交互特征并行挖掘算法
汪嗣尧,一种面向大规模序列数据的交互特征并行挖掘算法
王国仁,一种面向大规模序列数据的交互特征并行挖掘算法
潘敏佳,面向时序图数据的快速环枚举算法
李荣华,面向时序图数据的快速环枚举算法
赵宇海,面向时序图数据的快速环枚举算法
王国仁,面向时序图数据的快速环枚举算法
何鑫,轻量非对齐卷积神经网络模型探索
祁欣,轻量非对齐卷积神经网络模型探索
马海涛,轻量非对齐卷积神经网络模型探索
赵宇海,轻量非对齐卷积神经网络模型探索
于长永,轻量非对齐卷积神经网络模型探索
李赫,基于多目标演化聚类的大规模动态网络社区检测
印莹,基于多目标演化聚类的大规模动态网络社区检测
李源,基于多目标演化聚类的大规模动态网络社区检测
赵宇海,基于多目标演化聚类的大规模动态网络社区检测
王国仁,基于多目标演化聚类的大规模动态网络社区检测
岳晓飞,面向Flink迭代作业的动态资源分配策略
史岚,面向Flink迭代作业的动态资源分配策略
赵宇海,面向Flink迭代作业的动态资源分配策略
季航旭,面向Flink迭代作业的动态资源分配策略
王国仁,面向Flink迭代作业的动态资源分配策略
马海涛,基于频率的Read Mapping种子选择算法
祁实,基于频率的Read Mapping种子选择算法
于长永,基于频率的Read Mapping种子选择算法
赵宇海,基于频率的Read Mapping种子选择算法
李玲,基于解耦概要图的大规模图数据高效分布式挖掘算法
印莹,基于解耦概要图的大规模图数据高效分布式挖掘算法
赵宇海,基于解耦概要图的大规模图数据高效分布式挖掘算法
王国仁,基于解耦概要图的大规模图数据高效分布式挖掘算法
董祥军,基于解耦概要图的大规模图数据高效分布式挖掘算法
岳晓飞,Online Runtime Prediction Method for Distributed Iterative Jobs
史岚,Online Runtime Prediction Method for Distributed Iterative Jobs
赵宇海,Online Runtime Prediction Method for Distributed Iterative Jobs
季航旭,Online Runtime Prediction Method for Distributed Iterative Jobs
王国仁,Online Runtime Prediction Method for Distributed Iterative Jobs
于长永,一种带有长度和位置约束的字符串索引方法
高明,一种带有长度和位置约束的字符串索引方法
柏禄一,一种带有长度和位置约束的字符串索引方法
赵宇海,一种带有长度和位置约束的字符串索引方法
马卿云,一种分布式异构带宽环境下的高效数据分区方法
季航旭,一种分布式异构带宽环境下的高效数据分区方法
赵宇海,一种分布式异构带宽环境下的高效数据分区方法
毛克明,一种分布式异构带宽环境下的高效数据分区方法
王国仁,一种分布式异构带宽环境下的高效数据分区方法
王保成,面向中文医疗问答网站的相似问题检索研究
刘利军,面向中文医疗问答网站的相似问题检索研究
黄青松,面向中文医疗问答网站的相似问题检索研究
杨承启,基于图像分割的肺结节CT图像哈希检索
段彦隆,基于图像分割的肺结节CT图像哈希检索
冯旭鹏,基于图像分割的肺结节CT图像哈希检索
刘利军,基于图像分割的肺结节CT图像哈希检索
黄青松,基于图像分割的肺结节CT图像哈希检索
王江峰,基于胸部X 射线影像的常见疾病预测方法研究
刘利军,基于胸部X 射线影像的常见疾病预测方法研究
黄青松,基于胸部X 射线影像的常见疾病预测方法研究
刘骊,基于胸部X 射线影像的常见疾病预测方法研究
付晓东,基于胸部X 射线影像的常见疾病预测方法研究
赵佳雷,基于图卷积神经网络的胸部放射影像疾病分类方法
黄青松,基于图卷积神经网络的胸部放射影像疾病分类方法
刘利军,基于图卷积神经网络的胸部放射影像疾病分类方法
黄冕,基于图卷积神经网络的胸部放射影像疾病分类方法
甘霖,结合边缘轮廓和姿态特征的人体精确解析模型
刘骊,结合边缘轮廓和姿态特征的人体精确解析模型
刘利军,结合边缘轮廓和姿态特征的人体精确解析模型
付晓东,结合边缘轮廓和姿态特征的人体精确解析模型
黄青松,结合边缘轮廓和姿态特征的人体精确解析模型
尤诚诚,基于主题模型的胸部X光片诊断报告异常检测方法
冯旭鹏,基于主题模型的胸部X光片诊断报告异常检测方法
刘利军,基于主题模型的胸部X光片诊断报告异常检测方法
黄青松,基于主题模型的胸部X光片诊断报告异常检测方法
王波,基于改进YOLO算法的肺部CT图像中结节检测研究
冯旭鹏,基于改进YOLO算法的肺部CT图像中结节检测研究
刘利军,基于改进YOLO算法的肺部CT图像中结节检测研究
黄青松,基于改进YOLO算法的肺部CT图像中结节检测研究
郭峰,基于多模型融合方法的肺结节良恶性分类
黄冕,基于多模型融合方法的肺结节良恶性分类
刘利军,基于多模型融合方法的肺结节良恶性分类
黄青松,基于多模型融合方法的肺结节良恶性分类
乔伟晨,基于特征选择与残差融合的肝肿瘤分割模型
黄冕,基于特征选择与残差融合的肝肿瘤分割模型
刘利军,基于特征选择与残差融合的肝肿瘤分割模型
黄青松,基于特征选择与残差融合的肝肿瘤分割模型
李维,基于CNN多层面二阶特征融合的肺结节分类
赵晓乐,基于CNN多层面二阶特征融合的肺结节分类
段彦隆,基于CNN多层面二阶特征融合的肺结节分类
刘利军,基于CNN多层面二阶特征融合的肺结节分类
黄青松,基于CNN多层面二阶特征融合的肺结节分类
王保成,基于LDA和卷积神经网络的半监督图像标注方法
刘利军,基于LDA和卷积神经网络的半监督图像标注方法
黄青松,基于LDA和卷积神经网络的半监督图像标注方法
王波,基于多层聚焦Inception-V3卷积网络的细粒度图像分类
黄冕,基于多层聚焦Inception-V3卷积网络的细粒度图像分类
刘利军,基于多层聚焦Inception-V3卷积网络的细粒度图像分类
黄青松,基于多层聚焦Inception-V3卷积网络的细粒度图像分类
单文琦,基于多层聚焦Inception-V3卷积网络的细粒度图像分类
张帅威,面向肺结节多语义特征分类的不确定性多任务损失方法
冯旭鹏,面向肺结节多语义特征分类的不确定性多任务损失方法
刘利军,面向肺结节多语义特征分类的不确定性多任务损失方法
黄青松,面向肺结节多语义特征分类的不确定性多任务损失方法
贺周雨,面向大规模图像检索的深度强相关散列学习方法
冯旭鹏,面向大规模图像检索的深度强相关散列学习方法
刘利军,面向大规模图像检索的深度强相关散列学习方法
黄青松,面向大规模图像检索的深度强相关散列学习方法
贺周雨,基于SHN模型的商品图像检索方法
冯旭鹏,基于SHN模型的商品图像检索方法
刘利军,基于SHN模型的商品图像检索方法
黄青松,基于SHN模型的商品图像检索方法
席作冰,高碳硬线钢中B类夹杂物的形成与控制技术
李长荣,高碳硬线钢中B类夹杂物的形成与控制技术
王奕,高碳硬线钢中B类夹杂物的形成与控制技术
陈璐,镧对高碳硬线钢中氧化铝夹杂物改性的研究
李长荣,镧对高碳硬线钢中氧化铝夹杂物改性的研究
曾泽芸,HRB500E抗震钢筋中钛化物析出热力学分析
李长荣,HRB500E抗震钢筋中钛化物析出热力学分析
黎志英,HRB500E抗震钢筋中钛化物析出热力学分析
刘占林,HRB500E抗震钢筋中钛化物析出热力学分析
李正嵩,HRB500E抗震钢筋中钛化物析出热力学分析
翟勇强,HRB500E抗震钢筋中钛化物析出热力学分析
曾泽芸,Nb/V 复合强化对高强度钢筋显微组织和性能的影响
李长荣,Nb/V 复合强化对高强度钢筋显微组织和性能的影响
黎志英,Nb/V 复合强化对高强度钢筋显微组织和性能的影响
翟勇强,Nb/V 复合强化对高强度钢筋显微组织和性能的影响
王劼,Nb/V 复合强化对高强度钢筋显微组织和性能的影响
王奕,氧化铝/二氧化铈X射线衍射及拉曼光谱研究
李长荣,氧化铝/二氧化铈X射线衍射及拉曼光谱研究
曾泽芸,氧化铝/二氧化铈X射线衍射及拉曼光谱研究
席作冰,氧化铝/二氧化铈X射线衍射及拉曼光谱研究
庄昌凌,氧化铝/二氧化铈X射线衍射及拉曼光谱研究
李长荣,基于晶格匹配的非金属夹杂物变性过程研究
王奕,钢中非金属夹杂物图像/图谱表征技术
李长荣,钢中非金属夹杂物图像/图谱表征技术
曾泽芸,钢中非金属夹杂物图像/图谱表征技术
黎志英,高强抗震钢筋中铌的碳、氮化物析出热力学研究
李长荣,高强抗震钢筋中铌的碳、氮化物析出热力学研究
曾泽芸,高强抗震钢筋中铌的碳、氮化物析出热力学研究
陈龙海,高强抗震钢筋中铌的碳、氮化物析出热力学研究
李正嵩,高强抗震钢筋中铌的碳、氮化物析出热力学研究
刘占林,高强抗震钢筋中铌的碳、氮化物析出热力学研究
王林珠,镁处理高碳硬线钢中夹杂物
席作冰,镁处理高碳硬线钢中夹杂物
李长荣,镁处理高碳硬线钢中夹杂物
王奕,SWRS82B钢中稀土元素对氧化铝改性的晶体学
李长荣,SWRS82B钢中稀土元素对氧化铝改性的晶体学
曾泽芸,SWRS82B钢中稀土元素对氧化铝改性的晶体学
席作冰,SWRS82B钢中稀土元素对氧化铝改性的晶体学
翟勇强,稀土钇对 SWRS82B 硬线钢中 B 类夹杂物的变性行为影响
李长荣,稀土钇对 SWRS82B 硬线钢中 B 类夹杂物的变性行为影响
席作冰,高碳硬线钢中B类夹杂物变性研究现状与进展
李长荣,高碳硬线钢中B类夹杂物变性研究现状与进展
王奕,高碳硬线钢中B类夹杂物变性研究现状与进展
熊星强,稀土镧/钇复合处理钢中B类夹杂物研究
李长荣,稀土镧/钇复合处理钢中B类夹杂物研究
杜文辉,铝元素含量对Fe-Mn-C-Al系TWIP钢中夹杂物的影响
李长荣,铝元素含量对Fe-Mn-C-Al系TWIP钢中夹杂物的影响
庄昌凌,铝元素含量对Fe-Mn-C-Al系TWIP钢中夹杂物的影响
陈璐,镧对高碳硬线钢中Al2O3夹杂物改性的晶体学分析
李长荣,镧对高碳硬线钢中Al2O3夹杂物改性的晶体学分析
熊星强,镧对高碳硬线钢中Al2O3夹杂物改性的晶体学分析
王奕,氧化铝/氧化镧 X射线衍射及拉曼光谱研究
李长荣,氧化铝/氧化镧 X射线衍射及拉曼光谱研究
庄昌凌,氧化铝/氧化镧 X射线衍射及拉曼光谱研究
熊星强,NbC对HRB500钢筋凝固过程中异质形核与晶粒 细化的影响
李长荣,NbC对HRB500钢筋凝固过程中异质形核与晶粒 细化的影响
庄昌凌,NbC对HRB500钢筋凝固过程中异质形核与晶粒 细化的影响
黎志英,NbC对HRB500钢筋凝固过程中异质形核与晶粒 细化的影响
王劼,NbC对HRB500钢筋凝固过程中异质形核与晶粒 细化的影响
王奕,稀土镧对SWRS82B钢中氧化铝夹杂物的影响
李长荣,稀土镧对SWRS82B钢中氧化铝夹杂物的影响
熊星强,稀土镧对SWRS82B钢中氧化铝夹杂物的影响
宁州韶,稀土镧对SWRS82B钢中氧化铝夹杂物的影响
陈龙海,HRB500E 钢中第二相 VC 的异质形核分析与晶粒细化
李长荣,HRB500E 钢中第二相 VC 的异质形核分析与晶粒细化
黎志英,HRB500E 钢中第二相 VC 的异质形核分析与晶粒细化
李正嵩,HRB500E 钢中第二相 VC 的异质形核分析与晶粒细化
刘占林,HRB500E 钢中第二相 VC 的异质形核分析与晶粒细化
黄胜,高钛含量对高强度抗震钢筋组织和力学性能的影响
李长荣,高钛含量对高强度抗震钢筋组织和力学性能的影响
黎志英,高钛含量对高强度抗震钢筋组织和力学性能的影响
翟勇强,高钛含量对高强度抗震钢筋组织和力学性能的影响
王劼,高钛含量对高强度抗震钢筋组织和力学性能的影响
王奕,钢中非金属夹杂物图像/图谱表征技术的研究与发展
李长荣,钢中非金属夹杂物图像/图谱表征技术的研究与发展
席作冰,钢中非金属夹杂物图像/图谱表征技术的研究与发展
冯洋洋,手掌参多糖对60Co-γ射线辐射小鼠造血和抗氧化功能损伤的治疗作用研究
李杭雨,手掌参多糖对60Co-γ射线辐射小鼠造血和抗氧化功能损伤的治疗作用研究
张琳梓,手掌参多糖对60Co-γ射线辐射小鼠造血和抗氧化功能损伤的治疗作用研究
刘前虔,手掌参多糖对60Co-γ射线辐射小鼠造血和抗氧化功能损伤的治疗作用研究
吴代燕,手掌参多糖对60Co-γ射线辐射小鼠造血和抗氧化功能损伤的治疗作用研究
梁海川,手掌参多糖对60Co-γ射线辐射小鼠造血和抗氧化功能损伤的治疗作用研究
封海波,手掌参多糖对60Co-γ射线辐射小鼠造血和抗氧化功能损伤的治疗作用研究
胡馨,PLGA 纳米粒作为药物载体的靶向作用研究进展
支慧,PLGA 纳米粒作为药物载体的靶向作用研究进展
杨艳,PLGA 纳米粒作为药物载体的靶向作用研究进展
杨杰,PLGA 纳米粒作为药物载体的靶向作用研究进展
柴东坤,PLGA 纳米粒作为药物载体的靶向作用研究进展
林浪,PLGA 纳米粒作为药物载体的靶向作用研究进展
刘云杰,PLGA 纳米粒作为药物载体的靶向作用研究进展
宋振辉,PLGA 纳米粒作为药物载体的靶向作用研究进展
封海波,PLGA 纳米粒作为药物载体的靶向作用研究进展
杨杰,脂质立方液晶作为药物载体的靶向作用研究进展
田兰,脂质立方液晶作为药物载体的靶向作用研究进展
柴东坤,脂质立方液晶作为药物载体的靶向作用研究进展
林浪,脂质立方液晶作为药物载体的靶向作用研究进展
刘云杰,脂质立方液晶作为药物载体的靶向作用研究进展
杨艳,脂质立方液晶作为药物载体的靶向作用研究进展
支慧,脂质立方液晶作为药物载体的靶向作用研究进展
郑小波,脂质立方液晶作为药物载体的靶向作用研究进展
封海波,脂质立方液晶作为药物载体的靶向作用研究进展
牛玉洁,融合无人机载激光雷达与多光谱遥感数据的冬小麦叶面积指数反演
李晓鹏,融合无人机载激光雷达与多光谱遥感数据的冬小麦叶面积指数反演
张佳宝,融合无人机载激光雷达与多光谱遥感数据的冬小麦叶面积指数反演
马东豪,融合无人机载激光雷达与多光谱遥感数据的冬小麦叶面积指数反演
纪景纯,融合无人机载激光雷达与多光谱遥感数据的冬小麦叶面积指数反演
宣可凡,融合无人机载激光雷达与多光谱遥感数据的冬小麦叶面积指数反演
蒋一飞,融合无人机载激光雷达与多光谱遥感数据的冬小麦叶面积指数反演
汪春芬,融合无人机载激光雷达与多光谱遥感数据的冬小麦叶面积指数反演
邓皓东,融合无人机载激光雷达与多光谱遥感数据的冬小麦叶面积指数反演
刘建立,融合无人机载激光雷达与多光谱遥感数据的冬小麦叶面积指数反演
纪景纯,基于全波段高光谱的冬小麦生长参数估算方法比较
刘建立,基于全波段高光谱的冬小麦生长参数估算方法比较
牛玉洁,基于全波段高光谱的冬小麦生长参数估算方法比较
宣可凡,基于全波段高光谱的冬小麦生长参数估算方法比较
蒋一飞,基于全波段高光谱的冬小麦生长参数估算方法比较
邓皓东,基于全波段高光谱的冬小麦生长参数估算方法比较
李晓鹏,基于全波段高光谱的冬小麦生长参数估算方法比较
闫一凡,基于GLUE的土壤溶质运移参数反演及不确定性
李晓鹏,基于GLUE的土壤溶质运移参数反演及不确定性
张佳宝,基于GLUE的土壤溶质运移参数反演及不确定性
刘建立,基于GLUE的土壤溶质运移参数反演及不确定性
蒋一飞,宇宙射线中子法在农田土壤水分监测中的适用性
李晓鹏,宇宙射线中子法在农田土壤水分监测中的适用性
宣可凡,宇宙射线中子法在农田土壤水分监测中的适用性
纪景纯,宇宙射线中子法在农田土壤水分监测中的适用性
贾仁浩,宇宙射线中子法在农田土壤水分监测中的适用性
王灿,宇宙射线中子法在农田土壤水分监测中的适用性
刘建立,宇宙射线中子法在农田土壤水分监测中的适用性
赵永超,激发式秸秆还田对麦季潮土团聚体中酶活性的影响
李晓鹏,激发式秸秆还田对麦季潮土团聚体中酶活性的影响
闫一凡,激发式秸秆还田对麦季潮土团聚体中酶活性的影响
王一明,激发式秸秆还田对麦季潮土团聚体中酶活性的影响
刘建立,激发式秸秆还田对麦季潮土团聚体中酶活性的影响
赵原,宇宙射线中子法在土壤水分监测研究中的应用进展
李晓鹏,宇宙射线中子法在土壤水分监测研究中的应用进展
纪景纯,宇宙射线中子法在土壤水分监测研究中的应用进展
邹晓娟,宇宙射线中子法在土壤水分监测研究中的应用进展
宣可凡,宇宙射线中子法在土壤水分监测研究中的应用进展
王伟鹏,宇宙射线中子法在土壤水分监测研究中的应用进展
刘建立,宇宙射线中子法在土壤水分监测研究中的应用进展
李君雅,功能性聚脲弹性体的制备及γ射线辐照对其性能的影响
郭辉,功能性聚脲弹性体的制备及γ射线辐照对其性能的影响
何川,功能性聚脲弹性体的制备及γ射线辐照对其性能的影响
李可天,功能性聚脲弹性体的制备及γ射线辐照对其性能的影响
何潘庆,功能性聚脲弹性体的制备及γ射线辐照对其性能的影响
姜欣怡,功能性聚脲弹性体的制备及γ射线辐照对其性能的影响
王灿,压缩感知理论在地学空间数据重构中的应用进展
李晓鹏,压缩感知理论在地学空间数据重构中的应用进展
宣可凡,压缩感知理论在地学空间数据重构中的应用进展
蒋一飞,压缩感知理论在地学空间数据重构中的应用进展
纪景纯,压缩感知理论在地学空间数据重构中的应用进展
贾仁浩,压缩感知理论在地学空间数据重构中的应用进展
刘建立,压缩感知理论在地学空间数据重构中的应用进展
袁瑞,高显指白光PiG荧光薄膜制备与激光照明应用
郭钒,高显指白光PiG荧光薄膜制备与激光照明应用
李慧慧,高显指白光PiG荧光薄膜制备与激光照明应用
佟佳,高显指白光PiG荧光薄膜制备与激光照明应用
李乾利,高显指白光PiG荧光薄膜制备与激光照明应用
赵景泰,高显指白光PiG荧光薄膜制备与激光照明应用
张志军,高显指白光PiG荧光薄膜制备与激光照明应用
李乾利,基于ZnO:In纳米棒阵列的X射线闪烁转换屏制备与性能研究
胡亚华,基于ZnO:In纳米棒阵列的X射线闪烁转换屏制备与性能研究
马逸凡,基于ZnO:In纳米棒阵列的X射线闪烁转换屏制备与性能研究
孙志祥,基于ZnO:In纳米棒阵列的X射线闪烁转换屏制备与性能研究
王敏,基于ZnO:In纳米棒阵列的X射线闪烁转换屏制备与性能研究
刘小林,基于ZnO:In纳米棒阵列的X射线闪烁转换屏制备与性能研究
赵景泰,基于ZnO:In纳米棒阵列的X射线闪烁转换屏制备与性能研究
张志军,基于ZnO:In纳米棒阵列的X射线闪烁转换屏制备与性能研究
李婷,通过Pr~(3+)掺杂SrZnOS实现应力发光颜色调控及其应力发光机理
杨云凌,通过Pr~(3+)掺杂SrZnOS实现应力发光颜色调控及其应力发光机理
范雨婷,通过Pr~(3+)掺杂SrZnOS实现应力发光颜色调控及其应力发光机理
袁佳勇,通过Pr~(3+)掺杂SrZnOS实现应力发光颜色调控及其应力发光机理
申玉芳,通过Pr~(3+)掺杂SrZnOS实现应力发光颜色调控及其应力发光机理
张志军,通过Pr~(3+)掺杂SrZnOS实现应力发光颜色调控及其应力发光机理
张泽青,中子探测用闪烁材料研究进展
李乾利,中子探测用闪烁材料研究进展
张志军,中子探测用闪烁材料研究进展
赵景泰,中子探测用闪烁材料研究进展
李乾利,Lu2Si2O7:Ce纳米晶的溶胶-凝胶法合成和闪烁性能
胡亚华,Lu2Si2O7:Ce纳米晶的溶胶-凝胶法合成和闪烁性能
马玉彬,Lu2Si2O7:Ce纳米晶的溶胶-凝胶法合成和闪烁性能
黄世明,Lu2Si2O7:Ce纳米晶的溶胶-凝胶法合成和闪烁性能
顾牡,Lu2Si2O7:Ce纳米晶的溶胶-凝胶法合成和闪烁性能
张志军,Lu2Si2O7:Ce纳米晶的溶胶-凝胶法合成和闪烁性能
赵景泰,Lu2Si2O7:Ce纳米晶的溶胶-凝胶法合成和闪烁性能
李乾利,像素化结构的ZnO:Ga纳米棒阵列α粒子闪烁屏
陈家璇,像素化结构的ZnO:Ga纳米棒阵列α粒子闪烁屏
程佳会,像素化结构的ZnO:Ga纳米棒阵列α粒子闪烁屏
张志军,像素化结构的ZnO:Ga纳米棒阵列α粒子闪烁屏
陈玲玲,微波消融治疗肿瘤免疫效应研究进展
林泽枫,微波消融治疗肿瘤免疫效应研究进展
张余,微波消融治疗肿瘤免疫效应研究进展
柯晋,微波消融辅助治疗股骨近端巨细胞瘤的应用研究
陈玲玲,微波消融辅助治疗股骨近端巨细胞瘤的应用研究
陈旭琼,微波消融辅助治疗股骨近端巨细胞瘤的应用研究
张余,微波消融辅助治疗股骨近端巨细胞瘤的应用研究
柯晋,影像引导下经皮微波消融治疗骨转移癌性疼痛
张余,影像引导下经皮微波消融治疗骨转移癌性疼痛
陈旭琼,影像引导下经皮微波消融治疗骨转移癌性疼痛
陈玲玲,影像引导下经皮微波消融治疗骨转移癌性疼痛
姚孟宇,影像引导下经皮微波消融治疗骨转移癌性疼痛
柯晋,微波消融在四肢骨巨细胞瘤合并病理性骨折治疗中的应用
陈玲玲,微波消融在四肢骨巨细胞瘤合并病理性骨折治疗中的应用
陈旭琼,微波消融在四肢骨巨细胞瘤合并病理性骨折治疗中的应用
陈辉强,微波消融在四肢骨巨细胞瘤合并病理性骨折治疗中的应用
姚孟宇,微波消融在四肢骨巨细胞瘤合并病理性骨折治疗中的应用
曾小龙,微波消融在四肢骨巨细胞瘤合并病理性骨折治疗中的应用
王鸣,微波消融在四肢骨巨细胞瘤合并病理性骨折治疗中的应用
马立敏,微波消融在四肢骨巨细胞瘤合并病理性骨折治疗中的应用
张余,微波消融在四肢骨巨细胞瘤合并病理性骨折治疗中的应用
周洁龙,微波消融治疗肿瘤的免疫效应研究进展
程实,微波消融治疗肿瘤的免疫效应研究进展
张余,微波消融治疗肿瘤的免疫效应研究进展
邵宏伟,肿瘤亲骨转移与代谢适应性研究进展
纪雄发,肿瘤亲骨转移与代谢适应性研究进展
张余,肿瘤亲骨转移与代谢适应性研究进展
姜玥,不同应力路径下灰砂岩力学特性与强度参数研究
周辉,不同应力路径下灰砂岩力学特性与强度参数研究
卢景景,不同应力路径下灰砂岩力学特性与强度参数研究
张传庆,不同应力路径下灰砂岩力学特性与强度参数研究
高阳,不同应力路径下灰砂岩力学特性与强度参数研究
陈珺,不同应力路径下灰砂岩力学特性与强度参数研究
柴修伟,等体积空孔直眼掏槽槽腔形成过程及其分析
李建国,等体积空孔直眼掏槽槽腔形成过程及其分析
习本军,等体积空孔直眼掏槽槽腔形成过程及其分析
徐亮,等体积空孔直眼掏槽槽腔形成过程及其分析
彭亚利,等体积空孔直眼掏槽槽腔形成过程及其分析
王文科,等体积空孔直眼掏槽槽腔形成过程及其分析
金胜利,等体积空孔直眼掏槽槽腔形成过程及其分析
陈珺,拉应力作用下黑砂岩剪切破裂面粗糙度表征及各向异性特征研究
周辉,拉应力作用下黑砂岩剪切破裂面粗糙度表征及各向异性特征研究
侯靖,拉应力作用下黑砂岩剪切破裂面粗糙度表征及各向异性特征研究
卢景景,拉应力作用下黑砂岩剪切破裂面粗糙度表征及各向异性特征研究
张传庆,拉应力作用下黑砂岩剪切破裂面粗糙度表征及各向异性特征研究
崔国建,拉应力作用下黑砂岩剪切破裂面粗糙度表征及各向异性特征研究
倪绍虎,拉应力作用下黑砂岩剪切破裂面粗糙度表征及各向异性特征研究
龙丹冰,以监测报警数据驱动的综合管廊运维动态风险评价
赵一静,以监测报警数据驱动的综合管廊运维动态风险评价
杨成,以监测报警数据驱动的综合管廊运维动态风险评价
龙丹冰,基于熵算法改进的故障树-云模型风险分析方法
解丽萍,基于熵算法改进的故障树-云模型风险分析方法
杨成,基于熵算法改进的故障树-云模型风险分析方法
龙丹冰,知识图谱改进的施工行为安全风险与危险位置识别算法
魏君豪,知识图谱改进的施工行为安全风险与危险位置识别算法
杨成,知识图谱改进的施工行为安全风险与危险位置识别算法
陈萌,基于ARIMA时间序列模型的某医院急诊量预测分析及效果评价
付凌雨,基于ARIMA时间序列模型的某医院急诊量预测分析及效果评价
白冰清,TNF-α-308G/A 基因多态性与 TNF-α 抑制药治疗类风湿关节炎疗效相关性的 Meta 分析
辛芳冉,TNF-α-308G/A 基因多态性与 TNF-α 抑制药治疗类风湿关节炎疗效相关性的 Meta 分析
魏婷婷,TNF-α-308G/A 基因多态性与 TNF-α 抑制药治疗类风湿关节炎疗效相关性的 Meta 分析
付凌雨,TNF-α-308G/A 基因多态性与 TNF-α 抑制药治疗类风湿关节炎疗效相关性的 Meta 分析
纪慧中,基于图像特征和光流场的非刚性图像配准
贾大宇,基于图像特征和光流场的非刚性图像配准
董恩清,基于图像特征和光流场的非刚性图像配准
薛鹏,基于图像特征和光流场的非刚性图像配准
唐振超,基于图像特征和光流场的非刚性图像配准
孙文燕,一种基于模糊主动轮廓的鲁棒局部分割方法
董恩清,一种基于模糊主动轮廓的鲁棒局部分割方法
曹祝楼,一种基于模糊主动轮廓的鲁棒局部分割方法
郑强,一种基于模糊主动轮廓的鲁棒局部分割方法
付建军,不同水岩作用下砂岩的力学参数演化特征
董正东,不同水岩作用下砂岩的力学参数演化特征
杨艳霜,不同水岩作用下砂岩的力学参数演化特征
易恒,不同水岩作用下砂岩的力学参数演化特征
李金兰,A Geo-Ecological Study and Application of Elastoplastic Damage Constitutive Model for Mudstone
杨艳霜,高地应力硬脆性围岩开挖损伤区时滞性破坏案例分析——特征与机理
周辉,高地应力硬脆性围岩开挖损伤区时滞性破坏案例分析——特征与机理
梅松华,高地应力硬脆性围岩开挖损伤区时滞性破坏案例分析——特征与机理
张占荣,高地应力硬脆性围岩开挖损伤区时滞性破坏案例分析——特征与机理
李金兰,高地应力硬脆性围岩开挖损伤区时滞性破坏案例分析——特征与机理
吴登昊,低比转速离心泵叶轮瞬态空化特性分析
吴振兴,低比转速离心泵叶轮瞬态空化特性分析
周佩剑,低比转速离心泵叶轮瞬态空化特性分析
牟介刚,低比转速离心泵叶轮瞬态空化特性分析
谷云庆,低比转速离心泵叶轮瞬态空化特性分析
陈莹,低比转速离心泵叶轮瞬态空化特性分析
周佩剑,单叶片离心泵蜗壳内二次流的非定常特性研究
刘涛,单叶片离心泵蜗壳内二次流的非定常特性研究
牟介刚,单叶片离心泵蜗壳内二次流的非定常特性研究
谷云庆,单叶片离心泵蜗壳内二次流的非定常特性研究
吴登昊,单叶片离心泵蜗壳内二次流的非定常特性研究
任芸,单叶片离心泵蜗壳内二次流的非定常特性研究
徐茂森,喉管与喷嘴截面积比对射流式鱼泵输送性能及鱼损的影响
龙新平,喉管与喷嘴截面积比对射流式鱼泵输送性能及鱼损的影响
牟介刚,喉管与喷嘴截面积比对射流式鱼泵输送性能及鱼损的影响
郑水华,喉管与喷嘴截面积比对射流式鱼泵输送性能及鱼损的影响
周佩剑,喉管与喷嘴截面积比对射流式鱼泵输送性能及鱼损的影响
任芸,喉管与喷嘴截面积比对射流式鱼泵输送性能及鱼损的影响
吴登昊,喉管与喷嘴截面积比对射流式鱼泵输送性能及鱼损的影响
王卿宇,不同冠心病患者对健康管理App的需求分析
吴瑛,不同冠心病患者对健康管理App的需求分析
陈玉玲,The effect of bystander cardiopulmonary in increasing survival rate of out-of-hospital cardiac arrest is mainly mediated by survived event
岳鹏,The effect of bystander cardiopulmonary in increasing survival rate of out-of-hospital cardiac arrest is mainly mediated by survived event
吴瑛,The effect of bystander cardiopulmonary in increasing survival rate of out-of-hospital cardiac arrest is mainly mediated by survived event
陈玉玲,移动健康应用进展
吴瑛,移动健康应用进展
李佳,"Adherence to Recommended Lifestyle and Medical Therapies in Persons with Coronary Heart Disease in Beijing, China"
岳鹏,"Adherence to Recommended Lifestyle and Medical Therapies in Persons with Coronary Heart Disease in Beijing, China"
刘溢思,"Adherence to Recommended Lifestyle and Medical Therapies in Persons with Coronary Heart Disease in Beijing, China"
吴瑛,"Adherence to Recommended Lifestyle and Medical Therapies in Persons with Coronary Heart Disease in Beijing, China"
陈玉玲,"Development of theory- and evidence-based, individualized, and intelligent interventions to promote the adoption and maintenance of healthy diet and physical activity in patients with coronary heart disease"
吴芳琴,"Development of theory- and evidence-based, individualized, and intelligent interventions to promote the adoption and maintenance of healthy diet and physical activity in patients with coronary heart disease"
吴瑛,"Development of theory- and evidence-based, individualized, and intelligent interventions to promote the adoption and maintenance of healthy diet and physical activity in patients with coronary heart disease"
陈玉玲,No improvement in outcome of out-of-hospital cardiac arrest during 2011-2016 and its associated factors in China
岳鹏,No improvement in outcome of out-of-hospital cardiac arrest during 2011-2016 and its associated factors in China
吴瑛,No improvement in outcome of out-of-hospital cardiac arrest during 2011-2016 and its associated factors in China
张心怡,TC17合金电子束焊接接头高周疲劳失效行为研究
刘福林,TC17合金电子束焊接接头高周疲劳失效行为研究
刘永杰,TC17合金电子束焊接接头高周疲劳失效行为研究
王清远,TC17合金电子束焊接接头高周疲劳失效行为研究
宋秋波,水量分配方案组织实施评价指标体系研究
丁菊莺,水量分配方案组织实施评价指标体系研究
游进军,水量分配方案组织实施评价指标体系研究
高青峰,水量分配方案组织实施评价指标体系研究
游进军,跨流域调水工程水量配置与调度耦合方法研究
林鹏飞,跨流域调水工程水量配置与调度耦合方法研究
王静,跨流域调水工程水量配置与调度耦合方法研究
刘鼎,跨流域调水工程水量配置与调度耦合方法研究
罗琳,跨流域调水工程水量配置与调度耦合方法研究
刘彬,基于生态系统服务的水生态资产负债表研究
甘泓,基于生态系统服务的水生态资产负债表研究
贾玲,基于生态系统服务的水生态资产负债表研究
闫志宏,基于生态系统服务的水生态资产负债表研究
张艳平,水库汛限水位实时动态控制方案优选研究
张双虎,水库汛限水位实时动态控制方案优选研究
周惠成,水库汛限水位实时动态控制方案优选研究
王海军,水库汛限水位实时动态控制方案优选研究
薛志春,基于可变集理论的流域防洪风险评价
游进军,基于可变集理论的流域防洪风险评价
蒋云钟,基于可变集理论的流域防洪风险评价
王晶,大水头变幅长引水系统水电站甩负荷导叶三段关闭规律
陈胜,大水头变幅长引水系统水电站甩负荷导叶三段关闭规律
李向菊,大水头变幅长引水系统水电站甩负荷导叶三段关闭规律
杨森,大水头变幅长引水系统水电站甩负荷导叶三段关闭规律
张健,大水头变幅长引水系统水电站甩负荷导叶三段关闭规律
王靖雯,尾水主洞长度对抽水蓄能电站尾水管进口最小压力的影响
张健,尾水主洞长度对抽水蓄能电站尾水管进口最小压力的影响
蔡朝,尾水主洞长度对抽水蓄能电站尾水管进口最小压力的影响
陈胜,尾水主洞长度对抽水蓄能电站尾水管进口最小压力的影响
刘芸,尾水主洞长度对抽水蓄能电站尾水管进口最小压力的影响
宫亚茹,高水头抽水蓄能电站输水系统上平段末最小压力的影响因素研究
张健,高水头抽水蓄能电站输水系统上平段末最小压力的影响因素研究
蔡朝,高水头抽水蓄能电站输水系统上平段末最小压力的影响因素研究
杨森,高水头抽水蓄能电站输水系统上平段末最小压力的影响因素研究
陈胜,高水头抽水蓄能电站输水系统上平段末最小压力的影响因素研究
徐敏杰,含长连接管的调压室流量系数改进研究
陈胜,含长连接管的调压室流量系数改进研究
蔡朝,含长连接管的调压室流量系数改进研究
杨森,含长连接管的调压室流量系数改进研究
胡超,含长连接管的调压室流量系数改进研究
陈乾元,含长连接管的调压室流量系数改进研究
张文科,可变速抽蓄机组运行转速对甩负荷过渡过程的影响
张健,可变速抽蓄机组运行转速对甩负荷过渡过程的影响
俞晓东,可变速抽蓄机组运行转速对甩负荷过渡过程的影响
陈胜,可变速抽蓄机组运行转速对甩负荷过渡过程的影响
郑雪莲,混合式抽水蓄能电站过渡过程研究
张健,混合式抽水蓄能电站过渡过程研究
葛佩明,混合式抽水蓄能电站过渡过程研究
常贵宾,混合式抽水蓄能电站过渡过程研究
陈胜,混合式抽水蓄能电站过渡过程研究
杨秀维,设置尾水连通管的抽水蓄能电站引水发电系统小波动稳定分析
俞晓东,设置尾水连通管的抽水蓄能电站引水发电系统小波动稳定分析
张磊,设置尾水连通管的抽水蓄能电站引水发电系统小波动稳定分析
张健,设置尾水连通管的抽水蓄能电站引水发电系统小波动稳定分析
陈龙,水泵水轮机反S特性对甩负荷过程压强的影响
俞晓东,水泵水轮机反S特性对甩负荷过程压强的影响
李高会,水泵水轮机反S特性对甩负荷过程压强的影响
章梦捷,水泵水轮机反S特性对甩负荷过程压强的影响
陈胜,水泵水轮机反S特性对甩负荷过程压强的影响
张健,水泵水轮机反S特性对甩负荷过程压强的影响
张健,考虑长引水隧洞摩阻的水锤解析法
杨森,考虑长引水隧洞摩阻的水锤解析法
俞晓东,考虑长引水隧洞摩阻的水锤解析法
陈胜,考虑长引水隧洞摩阻的水锤解析法
储善鹏,机组导叶关闭规律对相继甩工况的影响
张健,机组导叶关闭规律对相继甩工况的影响
陈胜,机组导叶关闭规律对相继甩工况的影响
俞晓东,机组导叶关闭规律对相继甩工况的影响
俞晓东,基于同伦函数的水电站小波动特征值研究
杨秀维,基于同伦函数的水电站小波动特征值研究
张健,基于同伦函数的水电站小波动特征值研究
陈胜,气垫式水下岩塞爆破过渡过程水力特性研究
徐敏杰,气垫式水下岩塞爆破过渡过程水力特性研究
孙金辉,气垫式水下岩塞爆破过渡过程水力特性研究
张健,气垫式水下岩塞爆破过渡过程水力特性研究
徐敏杰,考虑接力器特性的导叶关闭规律
陈胜,考虑接力器特性的导叶关闭规律
杨森,考虑接力器特性的导叶关闭规律
张健,考虑接力器特性的导叶关闭规律
王晶,考虑接力器特性的导叶关闭规律
胡晗,窄缝消能工冲击波及水翅特性研究
杨伟,窄缝消能工冲击波及水翅特性研究
黄国兵,窄缝消能工冲击波及水翅特性研究
侯冬梅,窄缝消能工冲击波及水翅特性研究
杜兰,窄缝消能工冲击波及水翅特性研究
胡晗,琴键堰水力特性数值模拟
杨伟,琴键堰水力特性数值模拟
侯冬梅,琴键堰水力特性数值模拟
李宗坤,基于集对分析-可变模糊集耦合方法的溃坝环境影响评价
李巍,基于集对分析-可变模糊集耦合方法的溃坝环境影响评价
葛巍,基于集对分析-可变模糊集耦合方法的溃坝环境影响评价
徐宏殷,基于集对分析-可变模糊集耦合方法的溃坝环境影响评价
葛巍,改进的集对分析法在溃坝社会影响评价中的应用
李宗坤,改进的集对分析法在溃坝社会影响评价中的应用
李娟娟,改进的集对分析法在溃坝社会影响评价中的应用
张青玉,改进的集对分析法在溃坝社会影响评价中的应用
李宗坤,基于模糊集理论的土石坝开裂破坏风险分析
宋子元,基于模糊集理论的土石坝开裂破坏风险分析
葛巍,基于模糊集理论的土石坝开裂破坏风险分析
王特,基于模糊集理论的土石坝开裂破坏风险分析
张兆省,基于模糊集理论的土石坝开裂破坏风险分析
李宗坤,基于广义集对分析法的溃坝环境影响评价
李娟娟,基于广义集对分析法的溃坝环境影响评价
葛巍,基于广义集对分析法的溃坝环境影响评价
李巍,基于广义集对分析法的溃坝环境影响评价
李宗坤,基于未确知集对联系数法的溃坝社会影响评价
姬艳婷,基于未确知集对联系数法的溃坝社会影响评价
张兆省,基于未确知集对联系数法的溃坝社会影响评价
葛巍,基于未确知集对联系数法的溃坝社会影响评价
葛巍,溃坝风险后果研究现状与发展趋势
焦余铁,溃坝风险后果研究现状与发展趋势
李宗坤,溃坝风险后果研究现状与发展趋势
张兆省,溃坝风险后果研究现状与发展趋势
郭新燕,溃坝风险后果研究现状与发展趋势
李宗坤,土石坝施工期安全风险—成本风险综合评价
宗克强,土石坝施工期安全风险—成本风险综合评价
张兆省,土石坝施工期安全风险—成本风险综合评价
皇甫泽华,土石坝施工期安全风险—成本风险综合评价
李巍,基于改进可变模糊集法的溃坝生命损失评价及其应用
李宗坤,基于改进可变模糊集法的溃坝生命损失评价及其应用
葛巍,基于改进可变模糊集法的溃坝生命损失评价及其应用
郭新燕,基于改进可变模糊集法的溃坝生命损失评价及其应用
蔡金莹,面向工业互联网的制造服务协作等级协议轻量级框架研究
向峰,面向工业互联网的制造服务协作等级协议轻量级框架研究
左颖,面向工业互联网的制造服务协作等级协议轻量级框架研究
钟雷,面向工业互联网的制造服务协作等级协议轻量级框架研究
周平,面向工业互联网的制造服务协作等级协议轻量级框架研究
赵继丛,面向模型重用的仿真云服务平台设计与实现
黄利平,面向模型重用的仿真云服务平台设计与实现
陈俊宇,面向模型重用的仿真云服务平台设计与实现
田凌,面向模型重用的仿真云服务平台设计与实现
马国辉,基于知识工程的船体焊接工艺研究
田凌,基于知识工程的船体焊接工艺研究
刘思超,基于知识工程的船体焊接工艺研究
陈俊宇,基于知识工程的船体焊接工艺研究
艾希,新型预应力路基水平附加应力计算的图表法
冷伍明,新型预应力路基水平附加应力计算的图表法
徐方,新型预应力路基水平附加应力计算的图表法
张期树,新型预应力路基水平附加应力计算的图表法
翟斌,新型预应力路基水平附加应力计算的图表法
周洋,砂井径向排水的不均匀固结效应及简易量化方法
王鹏,砂井径向排水的不均匀固结效应及简易量化方法
徐方,砂井径向排水的不均匀固结效应及简易量化方法
冷伍明,深厚软土区超长桩基压缩变形测试及分析
陈琛,深厚软土区超长桩基压缩变形测试及分析
徐方,深厚软土区超长桩基压缩变形测试及分析
杨奇,深厚软土区超长桩基压缩变形测试及分析
聂如松,深厚软土区超长桩基压缩变形测试及分析
冷伍明,新型预应力路基坡面法向附加应力扩散规律分析
张期树,新型预应力路基坡面法向附加应力扩散规律分析
徐方,新型预应力路基坡面法向附加应力扩散规律分析
聂如松,新型预应力路基坡面法向附加应力扩散规律分析
杨奇,新型预应力路基坡面法向附加应力扩散规律分析
艾希,新型预应力路基坡面法向附加应力扩散规律分析
冷伍明,预应力路堤附加围压场与围压增强效应
张期树,预应力路堤附加围压场与围压增强效应
徐方,预应力路堤附加围压场与围压增强效应
冷慧康,预应力路堤附加围压场与围压增强效应
聂如松,预应力路堤附加围压场与围压增强效应
杨秀航,预应力路堤附加围压场与围压增强效应
刘路广,湖北省晚稻灌溉定额计算参数与修订方法研究
潘少斌,湖北省晚稻灌溉定额计算参数与修订方法研究
吴瑕,湖北省晚稻灌溉定额计算参数与修订方法研究
陈绪勋,湖北省晚稻灌溉定额计算参数与修订方法研究
王丽红,湖北省晚稻灌溉定额计算参数与修订方法研究
潘少斌,湖北省中稻灌溉定额修订研究
刘路广,湖北省中稻灌溉定额修订研究
吴慧蓉,湖北省中稻灌溉定额修订研究
崔远来,湖北省中稻灌溉定额修订研究
陈绪勋,湖北省中稻灌溉定额修订研究
张建涛,湖北省中稻灌溉定额修订研究
杨小伟,湖北省中稻灌溉定额修订研究
潘少斌,湖北省早稻灌溉定额修订方法研究
刘路广,湖北省早稻灌溉定额修订方法研究
吴瑕,湖北省早稻灌溉定额修订方法研究
张建涛,湖北省早稻灌溉定额修订方法研究
陈绪勋,湖北省早稻灌溉定额修订方法研究
董苇,湖北省早稻灌溉定额修订方法研究
杨小伟,湖北省早稻灌溉定额修订方法研究
刘路广,不同水肥综合调控模式下水稻生长特征_水肥利用率及氮磷流失规律
陈扬,不同水肥综合调控模式下水稻生长特征_水肥利用率及氮磷流失规律
吴瑕,不同水肥综合调控模式下水稻生长特征_水肥利用率及氮磷流失规律
余乾安,不同水肥综合调控模式下水稻生长特征_水肥利用率及氮磷流失规律
潘少斌,不同水肥综合调控模式下水稻生长特征_水肥利用率及氮磷流失规律
杨小伟,不同水肥综合调控模式下水稻生长特征_水肥利用率及氮磷流失规律
王敬,不同水肥综合调控模式下水稻生长特征_水肥利用率及氮磷流失规律
王丽红,不同水肥综合调控模式下水稻生长特征_水肥利用率及氮磷流失规律
潘少斌,湖北省农田水利工程运行维护监管现状及问题对策研究
吴瑕,湖北省农田水利工程运行维护监管现状及问题对策研究
李苏梨,湖北省农田水利工程运行维护监管现状及问题对策研究
李丽,湖北省农田水利工程运行维护监管现状及问题对策研究
刘正军,湖北省农田水利工程运行维护监管现状及问题对策研究
熊伟,湖北省农田水利工程运行维护监管现状及问题对策研究
杨小伟,湖北省农田水利工程运行维护监管现状及问题对策研究
刘路广,湖北省农田水利工程运行维护监管现状及问题对策研究
余乾安,基于ORYZA_V3模型的水稻水肥综合调控模式研究
李亚龙,基于ORYZA_V3模型的水稻水肥综合调控模式研究
刘路广,基于ORYZA_V3模型的水稻水肥综合调控模式研究
崔远来,基于ORYZA_V3模型的水稻水肥综合调控模式研究
陈扬,基于ORYZA_V3模型的水稻水肥综合调控模式研究
韩焕豪,基于ORYZA_V3模型的水稻水肥综合调控模式研究
喻婷,举水干流水功能区纳污能力计算研究
陈晓群,举水干流水功能区纳污能力计算研究
苗滕,举水干流水功能区纳污能力计算研究
胡超,高拱坝仓面施工时空冲突分析与调整方法研究
赵春菊,高拱坝仓面施工时空冲突分析与调整方法研究
周宜红,高拱坝仓面施工时空冲突分析与调整方法研究
宋玲,高拱坝仓面施工时空冲突分析与调整方法研究
贺俊,基于GPS-UWB组合定位技术的缆机施工防碰研究
赵春菊,基于GPS-UWB组合定位技术的缆机施工防碰研究
周宜红,基于GPS-UWB组合定位技术的缆机施工防碰研究
胡超,基于GPS-UWB组合定位技术的缆机施工防碰研究
杨忠加,基于高拱坝坝体生长特征的缆机调度仿真研究
周宜红,基于高拱坝坝体生长特征的缆机调度仿真研究
胡超,基于高拱坝坝体生长特征的缆机调度仿真研究
贺俊,基于高拱坝坝体生长特征的缆机调度仿真研究
刘宏芳,~(79)Se与黄铁矿反应路径模拟研究
张静慧,~(79)Se与黄铁矿反应路径模拟研究
钱天伟,~(79)Se与黄铁矿反应路径模拟研究
丁庆伟,~(79)Se与黄铁矿反应路径模拟研究
连夏雨,~(79)Se与黄铁矿反应路径模拟研究
马骏,~(79)Se与黄铁矿反应路径模拟研究
霍丽娟,~(79)Se与黄铁矿反应路径模拟研究
霍丽娟,2-线和6-线水铁矿对水中砷的吸附解吸行为研究
赵慧超,2-线和6-线水铁矿对水中砷的吸附解吸行为研究
王美玲,2-线和6-线水铁矿对水中砷的吸附解吸行为研究
杨改强,2-线和6-线水铁矿对水中砷的吸附解吸行为研究
刘宏芳,2-线和6-线水铁矿对水中砷的吸附解吸行为研究
刘宏芳,改性纳米零价铁去除水中Se(Ⅵ)的机理
刘润龙,改性纳米零价铁去除水中Se(Ⅵ)的机理
王瑞,改性纳米零价铁去除水中Se(Ⅵ)的机理
马骏,改性纳米零价铁去除水中Se(Ⅵ)的机理
霍丽娟,改性纳米零价铁去除水中Se(Ⅵ)的机理
霍丽娟,不同组成有机质对土壤中砷迁移行为的影响
王美玲,不同组成有机质对土壤中砷迁移行为的影响
赵慧超,不同组成有机质对土壤中砷迁移行为的影响
杨改强,不同组成有机质对土壤中砷迁移行为的影响
吉莉,不同组成有机质对土壤中砷迁移行为的影响
丁庆伟,不同组成有机质对土壤中砷迁移行为的影响
王婷,不同组成有机质对土壤中砷迁移行为的影响
杨改强,基于CiteSpace的农业领域水-能-粮纽带研究进展
夏爽,基于CiteSpace的农业领域水-能-粮纽带研究进展
霍丽娟,基于CiteSpace的农业领域水-能-粮纽带研究进展
张冬香,基于CiteSpace的农业领域水-能-粮纽带研究进展
丁丽瑞,基于CiteSpace的农业领域水-能-粮纽带研究进展
赵俊楠,基于CiteSpace的农业领域水-能-粮纽带研究进展
刘宏芳,基于XPS对硫铁矿去除SeO_3~(2-)的机理研究
王瑞,基于XPS对硫铁矿去除SeO_3~(2-)的机理研究
连夏雨,基于XPS对硫铁矿去除SeO_3~(2-)的机理研究
霍丽娟,基于XPS对硫铁矿去除SeO_3~(2-)的机理研究
马骏,基于XPS对硫铁矿去除SeO_3~(2-)的机理研究
吴桐,超声喷丸对钢基体表面发黑膜耐蚀性的影响
张留艳,超声喷丸对钢基体表面发黑膜耐蚀性的影响
蒋俊杰,超声喷丸对钢基体表面发黑膜耐蚀性的影响
刁铮亮,超声喷丸对钢基体表面发黑膜耐蚀性的影响
李浩博,超声喷丸对钢基体表面发黑膜耐蚀性的影响
黎颖,超声喷丸对钢基体表面发黑膜耐蚀性的影响
杨春霞,鱼类友好型水轮机设计研究综述
郑源,鱼类友好型水轮机设计研究综述
张玉全,鱼类友好型水轮机设计研究综述
罗红英,鱼类友好型水轮机设计研究综述
陈会向,桨叶调节对轴流式水轮机甩负荷特性影响研究
周大庆,桨叶调节对轴流式水轮机甩负荷特性影响研究
郑源,桨叶调节对轴流式水轮机甩负荷特性影响研究
杨春霞,桨叶调节对轴流式水轮机甩负荷特性影响研究
李蓉,具有加性时变时滞神经网络的稳定性分析
张海洋,具有加性时变时滞神经网络的稳定性分析
王延萌,具有加性时变时滞神经网络的稳定性分析
吴涛,具有加性时变时滞神经网络的稳定性分析
熊良林,具有加性时变时滞神经网络的稳定性分析
彭晨,一种改进的中立型时滞系统稳定性
熊良林,一种改进的中立型时滞系统稳定性
吴涛,一种改进的中立型时滞系统稳定性
树金龙,中立型四元数神经网络的稳定性分析
熊良林,中立型四元数神经网络的稳定性分析
吴涛,中立型四元数神经网络的稳定性分析
郑英丽,中立型四元数神经网络的稳定性分析
蒋玲,二阶凸优化不等式及加性时变时滞系统的稳定性研究
熊良林,二阶凸优化不等式及加性时变时滞系统的稳定性研究
树金龙,二阶凸优化不等式及加性时变时滞系统的稳定性研究
熊良林,Improved stability condition for systems with discrete distributed delay
吴涛,Improved stability condition for systems with discrete distributed delay
加华多杰,广义Pythagorean模糊软集及其在医疗诊断中的应用
张海东,广义Pythagorean模糊软集及其在医疗诊断中的应用
熊良林,广义Pythagorean模糊软集及其在医疗诊断中的应用
贺艳平,广义Pythagorean模糊软集及其在医疗诊断中的应用
吴涛,New stabilization criteria for neutral time-delay systems via novel inequality
熊良林,New stabilization criteria for neutral time-delay systems via novel inequality
树金龙,New stabilization criteria for neutral time-delay systems via novel inequality
张海洋,新的Jensen类二重积分不等式的改进
邱志鹏,新的Jensen类二重积分不等式的改进
熊良林,新的Jensen类二重积分不等式的改进
李文浩,新型冠状病毒疫苗设计原理与研究进展
李艳梅,新型冠状病毒疫苗设计原理与研究进展
杨改强,基于用水满意度的水资源优化配置模型研究
刘可欣,基于用水满意度的水资源优化配置模型研究
刘琪,基于用水满意度的水资源优化配置模型研究
陕红,基于用水满意度的水资源优化配置模型研究
霍丽娟,山西省农业水资源与经济发展响应关系评价
丁丽瑞,山西省农业水资源与经济发展响应关系评价
胡健,山西省农业水资源与经济发展响应关系评价
杨改强,山西省农业水资源与经济发展响应关系评价
杨改强,基于CiteSpace的农业WEF纽带研究进展
夏爽,基于CiteSpace的农业WEF纽带研究进展
霍丽娟,基于CiteSpace的农业WEF纽带研究进展
张冬香,基于CiteSpace的农业WEF纽带研究进展
丁丽瑞,基于CiteSpace的农业WEF纽带研究进展
赵俊楠,基于CiteSpace的农业WEF纽带研究进展
尹乾,不同侧压力系数下裂隙网络岩体非线性渗流特性
靖洪文,不同侧压力系数下裂隙网络岩体非线性渗流特性
刘日成,不同侧压力系数下裂隙网络岩体非线性渗流特性
苏海健,不同侧压力系数下裂隙网络岩体非线性渗流特性
蔚立元,不同侧压力系数下裂隙网络岩体非线性渗流特性
王迎超,不同侧压力系数下裂隙网络岩体非线性渗流特性
闫峰,沉积物重金属的随机生态风险评价模型
王雨潇,沉积物重金属的随机生态风险评价模型
袁志颖,沉积物重金属的随机生态风险评价模型
李世曙,沉积物重金属的随机生态风险评价模型
康青,沉积物重金属的随机生态风险评价模型
朱语欣,沉积物重金属的随机生态风险评价模型
陈云鹏,基于健康风险的致癌重金属灰水足迹研究
赵丽子,基于健康风险的致癌重金属灰水足迹研究
闫峰,基于健康风险的致癌重金属灰水足迹研究
闫峰,基于健康风险的改进CCME WQI模型及其应用
康青,基于健康风险的改进CCME WQI模型及其应用
王雨潇,基于健康风险的改进CCME WQI模型及其应用
朱语欣,基于健康风险的改进CCME WQI模型及其应用
李世曙,基于健康风险的改进CCME WQI模型及其应用
闫峰,基于地累积向量模型的湖泊沉积物重金属污染评价
张兴磊,基于地累积向量模型的湖泊沉积物重金属污染评价
唐贝,基于地累积向量模型的湖泊沉积物重金属污染评价
林长清,基于地累积向量模型的湖泊沉积物重金属污染评价
闫峰,基于理化-生物指标与CCMEWQI模型的水质综合评价
唐贝,基于理化-生物指标与CCMEWQI模型的水质综合评价
丁利,基于理化-生物指标与CCMEWQI模型的水质综合评价
盛财九,基于理化-生物指标与CCMEWQI模型的水质综合评价
肖程之,基于理化-生物指标与CCMEWQI模型的水质综合评价
张兴磊,基于理化-生物指标与CCMEWQI模型的水质综合评价
汪继力,基于健康风险的改进内梅罗指数模型
李昕禹,基于健康风险的改进内梅罗指数模型
闫峰,基于健康风险的改进内梅罗指数模型
冯辉,基于灰关联分析的改进地累积指数模型
汪继力,基于灰关联分析的改进地累积指数模型
李世曙,基于灰关联分析的改进地累积指数模型
闫峰,基于灰关联分析的改进地累积指数模型
闫峰,熵权法在地下水环境质量评价中的局限性
张兴磊,熵权法在地下水环境质量评价中的局限性
唐贝,熵权法在地下水环境质量评价中的局限性
肖程之,熵权法在地下水环境质量评价中的局限性
马惠群,基于模糊可变集合理论的改进型加拿大水质指数评价方法及应用
肖燕,基于模糊可变集合理论的改进型加拿大水质指数评价方法及应用
闫峰,基于模糊可变集合理论的改进型加拿大水质指数评价方法及应用
闫峰,基于不确定分析的改进灰水足迹模型及应用
朱语欣,基于不确定分析的改进灰水足迹模型及应用
李世曙,基于不确定分析的改进灰水足迹模型及应用
康青,基于不确定分析的改进灰水足迹模型及应用
王雨潇,基于不确定分析的改进灰水足迹模型及应用
王伟,基于四阶矩估计的机器人运动可靠性分析
王进,基于四阶矩估计的机器人运动可靠性分析
陆国栋,基于四阶矩估计的机器人运动可靠性分析
陈健,电极损耗分层预变形补偿方法
王进,电极损耗分层预变形补偿方法
陆国栋,电极损耗分层预变形补偿方法
秦振雄,基于SWAT模型的淮河上游流域设计洪水修订
彭 涛,基于SWAT模型的淮河上游流域设计洪水修订
王继保,基于SWAT模型的淮河上游流域设计洪水修订
董晓华,基于SWAT模型的淮河上游流域设计洪水修订
常文娟,基于SWAT模型的淮河上游流域设计洪水修订
马海波,基于SWAT模型的淮河上游流域设计洪水修订
刘 冀,基于SWAT模型的淮河上游流域设计洪水修订
王高旭,基于SWAT模型的淮河上游流域设计洪水修订
董钊煜,1960-2016年三峡库区极端降水事件时空变化特征
彭涛,1960-2016年三峡库区极端降水事件时空变化特征
董晓华,1960-2016年三峡库区极端降水事件时空变化特征
刘冀,1960-2016年三峡库区极端降水事件时空变化特征
常文娟,1960-2016年三峡库区极端降水事件时空变化特征
林青霞,1960-2016年三峡库区极端降水事件时空变化特征
张特,淮河上游植被对气象干旱的响应
刘冀,淮河上游植被对气象干旱的响应
魏榕,淮河上游植被对气象干旱的响应
常文娟,淮河上游植被对气象干旱的响应
董晓华,淮河上游植被对气象干旱的响应
孙周亮,淮河上游植被对气象干旱的响应
郑金涛,三峡库区气象干旱演变特征及致灾因子危险性评价
彭涛,三峡库区气象干旱演变特征及致灾因子危险性评价
董晓华,三峡库区气象干旱演变特征及致灾因子危险性评价
刘冀,三峡库区气象干旱演变特征及致灾因子危险性评价
常文娟,三峡库区气象干旱演变特征及致灾因子危险性评价
林青霞,三峡库区气象干旱演变特征及致灾因子危险性评价
王佳宝,三峡库区气象干旱演变特征及致灾因子危险性评价
常文娟,基于耗水视角的水资源承载能力及其支撑流域调水规模研究
董鑫,基于耗水视角的水资源承载能力及其支撑流域调水规模研究
马海波,基于耗水视角的水资源承载能力及其支撑流域调水规模研究
房昊天,基于耗水视角的水资源承载能力及其支撑流域调水规模研究
薛兆康,油气井下光纤光栅温度压力传感器
国旗,油气井下光纤光栅温度压力传感器
刘善仁,油气井下光纤光栅温度压力传感器
潘学鹏,油气井下光纤光栅温度压力传感器
陈超,油气井下光纤光栅温度压力传感器
于永森,油气井下光纤光栅温度压力传感器
于永森,Research Progress on S Fiber Taper
朱永钦,Research Progress on S Fiber Taper
赵阳,Research Progress on S Fiber Taper
潘学鹏,Research Progress on S Fiber Taper
王剑,内镶贴片式滴灌带局部水头损失试验研究
魏涛,内镶贴片式滴灌带局部水头损失试验研究
杨婷,内镶贴片式滴灌带局部水头损失试验研究
袁寿其,内镶贴片式滴灌带局部水头损失试验研究
邓劲松,基于非敏感信息分析的轨迹数据隐私保护发布
罗永龙,基于非敏感信息分析的轨迹数据隐私保护发布
俞庆英,基于非敏感信息分析的轨迹数据隐私保护发布
陈付龙,基于非敏感信息分析的轨迹数据隐私保护发布
刘晴晴,基于SVD填充的混合推荐算法
罗永龙,基于SVD填充的混合推荐算法
汪逸飞,基于SVD填充的混合推荐算法
郑孝遥,基于SVD填充的混合推荐算法
陈文,基于SVD填充的混合推荐算法
汪小寒,Top-Down grid位置敏感哈希k匿名隐私保护
刘世杨,Top-Down grid位置敏感哈希k匿名隐私保护
韩慧慧,Top-Down grid位置敏感哈希k匿名隐私保护
罗永龙,Top-Down grid位置敏感哈希k匿名隐私保护
王涛春,群智感知中基于k-匿名的位置及数据隐私保护方法研究已勘误
刘盈,群智感知中基于k-匿名的位置及数据隐私保护方法研究已勘误
金鑫,群智感知中基于k-匿名的位置及数据隐私保护方法研究已勘误
陈付龙,群智感知中基于k-匿名的位置及数据隐私保护方法研究已勘误
赵传信,群智感知中基于k-匿名的位置及数据隐私保护方法研究已勘误
郭良敏,基于区域划分的轨迹隐私保护方法
王安鑫,基于区域划分的轨迹隐私保护方法
郑孝遥,基于区域划分的轨迹隐私保护方法
王涛春,传感器网络中基于路线的隐私保护数据聚集算法
秦小麟,传感器网络中基于路线的隐私保护数据聚集算法
张吉,传感器网络中基于路线的隐私保护数据聚集算法
丁有伟,传感器网络中基于路线的隐私保护数据聚集算法
陈付龙,传感器网络中基于路线的隐私保护数据聚集算法
罗永龙,传感器网络中基于路线的隐私保护数据聚集算法
俞庆英,基于BP神经网络的异常轨迹检测方法
李倩,基于BP神经网络的异常轨迹检测方法
陈传明,基于BP神经网络的异常轨迹检测方法
林文诗,基于BP神经网络的异常轨迹检测方法
邢凯,基于Geohash编码的位置隐私保护算法
罗永龙,基于Geohash编码的位置隐私保护算法
宁雪莉,基于Geohash编码的位置隐私保护算法
郑孝遥,基于Geohash编码的位置隐私保护算法
郭良敏,障碍空间中基于并行蚁群算法的k近邻查询
朱莹,障碍空间中基于并行蚁群算法的k近邻查询
孙丽萍,障碍空间中基于并行蚁群算法的k近邻查询
宁雪莉,基于地理社交网络的频繁位置隐私保护算法
罗永龙,基于地理社交网络的频繁位置隐私保护算法
邢凯,基于地理社交网络的频繁位置隐私保护算法
郑孝遥,基于地理社交网络的频繁位置隐私保护算法
陈传明,一种基于单点收益的轨迹隐私保护方法
林文诗,一种基于单点收益的轨迹隐私保护方法
俞庆英,一种基于单点收益的轨迹隐私保护方法
罗永龙,一种基于单点收益的轨迹隐私保护方法
俞庆英,基于优化局部抑制的轨迹数据发布隐私保护算法
王燕飞,基于优化局部抑制的轨迹数据发布隐私保护算法
叶梓彤,基于优化局部抑制的轨迹数据发布隐私保护算法
张双桂,基于优化局部抑制的轨迹数据发布隐私保护算法
陈传明,基于优化局部抑制的轨迹数据发布隐私保护算法
汪逸飞,基于信息熵抑制的轨迹隐私保护方法
罗永龙,基于信息熵抑制的轨迹隐私保护方法
俞庆英,基于信息熵抑制的轨迹隐私保护方法
刘晴晴,基于信息熵抑制的轨迹隐私保护方法
陈文,基于信息熵抑制的轨迹隐私保护方法
曾海燕,路网环境下的语义多样性位置隐私保护方法
左开中,路网环境下的语义多样性位置隐私保护方法
王永录,路网环境下的语义多样性位置隐私保护方法
刘蕊,路网环境下的语义多样性位置隐私保护方法
王永录,面向连续查询的敏感语义位置隐私保护方案
左开中,面向连续查询的敏感语义位置隐私保护方案
曾海燕,面向连续查询的敏感语义位置隐私保护方案
刘蕊,面向连续查询的敏感语义位置隐私保护方案
郭良敏,面向连续查询的敏感语义位置隐私保护方案
汪小寒,基于KD树最优投影划分的k匿名算法
罗永龙,基于KD树最优投影划分的k匿名算法
江叶峰,基于KD树最优投影划分的k匿名算法
赵传信,基于KD树最优投影划分的k匿名算法
吴文莉,基于KD树最优投影划分的k匿名算法
郭良敏,基于KD树最优投影划分的k匿名算法
