项目名称,成果标题
基于高阶SNP互作挖掘与分析的复杂疾病全基因组关联研究,外包空间数据库的完整性保证机制
基于高阶SNP互作挖掘与分析的复杂疾病全基因组关联研究,基于多开发者社区的用户推荐算法
基于高阶SNP互作挖掘与分析的复杂疾病全基因组关联研究,面向多表数据连接投影和连接顺序的优化方法
基于高阶SNP互作挖掘与分析的复杂疾病全基因组关联研究,一种大规模双网络中k-连通Truss子图发现算法
基于高阶SNP互作挖掘与分析的复杂疾病全基因组关联研究,DE-ELM-SSC+半监督分类算法
基于高阶SNP互作挖掘与分析的复杂疾病全基因组关联研究,面向Flink迭代计算的高效容错处理技术
基于高阶SNP互作挖掘与分析的复杂疾病全基因组关联研究,基于LSH的时间序列DTW相似性查询
基于高阶SNP互作挖掘与分析的复杂疾病全基因组关联研究,Gaia系统中的面向图迭代作业的运行时间预测系统及方法
基于高阶SNP互作挖掘与分析的复杂疾病全基因组关联研究,一种面向大规模序列数据的交互特征并行挖掘算法
基于高阶SNP互作挖掘与分析的复杂疾病全基因组关联研究,一种Gaia系统中基于数据特征的动态优先级迭代器
基于高阶SNP互作挖掘与分析的复杂疾病全基因组关联研究,面向时序图数据的快速环枚举算法
基于高阶SNP互作挖掘与分析的复杂疾病全基因组关联研究,一种基于弹性维特征向量优化抽取的协同过滤推荐方法
基于高阶SNP互作挖掘与分析的复杂疾病全基因组关联研究,轻量非对齐卷积神经网络模型探索
基于高阶SNP互作挖掘与分析的复杂疾病全基因组关联研究,一种Gaia系统中的多作业合并与优化系统及方法
基于高阶SNP互作挖掘与分析的复杂疾病全基因组关联研究,Gaia系统中基于资源反馈的负载均衡任务调度方法及系统
基于高阶SNP互作挖掘与分析的复杂疾病全基因组关联研究,一种Gaia系统中的多表连接优化方法
基于高阶SNP互作挖掘与分析的复杂疾病全基因组关联研究,一种基于垂直分解的并行频繁闭序列挖掘方法
基于高阶SNP互作挖掘与分析的复杂疾病全基因组关联研究,基于多目标演化聚类的大规模动态网络社区检测
基于高阶SNP互作挖掘与分析的复杂疾病全基因组关联研究,一种Gaia系统中的统一表达API调用系统及调用方法
基于高阶SNP互作挖掘与分析的复杂疾病全基因组关联研究,面向Flink迭代作业的动态资源分配策略
基于高阶SNP互作挖掘与分析的复杂疾病全基因组关联研究,基于频率的Read Mapping种子选择算法
基于高阶SNP互作挖掘与分析的复杂疾病全基因组关联研究,一种基于乐观容错方法的迭代器
基于高阶SNP互作挖掘与分析的复杂疾病全基因组关联研究,一种Gaia中支持多作业并行执行的代理方法
基于高阶SNP互作挖掘与分析的复杂疾病全基因组关联研究,基于解耦概要图的大规模图数据高效分布式挖掘算法
基于高阶SNP互作挖掘与分析的复杂疾病全基因组关联研究,一种Gaia系统中支持流数据与批数据交互的数据交换系统
基于高阶SNP互作挖掘与分析的复杂疾病全基因组关联研究,一种Gaia系统中面向迭代计算的并行度动态调整方法
基于高阶SNP互作挖掘与分析的复杂疾病全基因组关联研究,Online Runtime Prediction Method for Distributed Iterative Jobs
基于高阶SNP互作挖掘与分析的复杂疾病全基因组关联研究,一种自适应任务调度器及方法
基于高阶SNP互作挖掘与分析的复杂疾病全基因组关联研究,Gaia集群中面向数据分布特征的维表缓存管理方法及系统
基于高阶SNP互作挖掘与分析的复杂疾病全基因组关联研究,一种带有长度和位置约束的字符串索引方法
基于高阶SNP互作挖掘与分析的复杂疾病全基因组关联研究,一种基于受限恢复的图迭代器及方法
基于高阶SNP互作挖掘与分析的复杂疾病全基因组关联研究,一种Gaia集群中面向节点间异构带宽的数据分发方法
基于高阶SNP互作挖掘与分析的复杂疾病全基因组关联研究,一种分布式异构带宽环境下的高效数据分区方法
基于高阶SNP互作挖掘与分析的复杂疾病全基因组关联研究,Gaia系统中面向融合计算的数据缓存装置与系统
基于高阶SNP互作挖掘与分析的复杂疾病全基因组关联研究,一种优化网络多连接的系统和方法
基于高阶SNP互作挖掘与分析的复杂疾病全基因组关联研究,一种基于Gaia系统的数据分类方法
基于高阶SNP互作挖掘与分析的复杂疾病全基因组关联研究,面向大规模高维序列数据的交互特征并行选择方法
面向智能制造的人机合作伺服系统自律控制研究,可调间隙实验平台
面向智能制造的人机合作伺服系统自律控制研究,一种机器人快速示教分拣系统和方法
面向智能制造的人机合作伺服系统自律控制研究,一种人机安全防护系统和防护方法
面向智能制造的人机合作伺服系统自律控制研究,基于继电反馈的伺服系统间隙辨识方法
面向智能制造的人机合作伺服系统自律控制研究,一种基于指点杆的多通道触觉传感器及相应的控制方法
面向智能制造的人机合作伺服系统自律控制研究,一种基于继电器位置反馈相轨迹曲线拟合的伺服系统辨识方法
面向智能制造的人机合作伺服系统自律控制研究,一种基于RTX+DSP的多轴运动控制器通信系统
面向智能制造的人机合作伺服系统自律控制研究,一种机器人动力学模型辨识方法
非合作安检太赫兹快速高分辨率成像研究,一种提高太赫兹被动成像单元灵敏度的调 制解调方法
非合作安检太赫兹快速高分辨率成像研究,基于MIMO 阵列合成孔径的三维快速成像方法及装置
非合作安检太赫兹快速高分辨率成像研究,用于目标跟踪的测角方法
非合作安检太赫兹快速高分辨率成像研究,基于伪表面等离激元三维堆叠结构的传感器
非合作安检太赫兹快速高分辨率成像研究,一种基于矩阵填充的太赫兹稀疏成像设计
非合作安检太赫兹快速高分辨率成像研究,一种基于单站阵型映射到MIMO阵型的设计 方法
非合作安检太赫兹快速高分辨率成像研究,基于布鲁斯特角测量的太赫兹物质介电常数测量系统
非合作安检太赫兹快速高分辨率成像研究,成像装置、方法、电子设备及存储介质
非合作安检太赫兹快速高分辨率成像研究,基于透射型频控波束扫描器件的太赫兹成像系统
非合作安检太赫兹快速高分辨率成像研究,基于SIW的太赫兹传输结构及其制备方法和 应用
非合作安检太赫兹快速高分辨率成像研究,基于MIMO阵列的成像方法及装置
非合作安检太赫兹快速高分辨率成像研究,用于MIMO波束成形的栅旁瓣抑制方法
非合作安检太赫兹快速高分辨率成像研究,用于MIMO阵列的相移偏移成像方法及装置
非合作安检太赫兹快速高分辨率成像研究,基于MIMO-SAR的高精度三维快速成像方法及装置
非合作安检太赫兹快速高分辨率成像研究,一种太赫兹波谱系统噪声模拟方法及系统
非合作安检太赫兹快速高分辨率成像研究,太赫兹主、被动复合成像准光学扫描系统
非合作安检太赫兹快速高分辨率成像研究,基于二维矩量法和射线追迹法的透镜高效仿真、优化方法
非合作安检太赫兹快速高分辨率成像研究,一种用于MIMO-SAR的三维快速成像方法
非合作安检太赫兹快速高分辨率成像研究,基于多波束非线性鉴角的目标跟踪方法
非合作安检太赫兹快速高分辨率成像研究,一种基于复信号频谱运算的数字IQ校准方 法
非合作安检太赫兹快速高分辨率成像研究,基于多通道数字和差的单脉冲跟踪与成像方法
非合作安检太赫兹快速高分辨率成像研究,透镜的优化方法
非合作安检太赫兹快速高分辨率成像研究,一种等离激元辅助的芯片三维微纳结构的光学测量方法
非合作安检太赫兹快速高分辨率成像研究,成像装置、方法、电子设备及存储介质
非合作安检太赫兹快速高分辨率成像研究,基于MIMO 阵列合成孔径的高精度三维快速成像方法及装置
面向大规模医学图像及诊断报告的跨模态检索关键技术研究,面向中文医疗问答网站的相似问题检索研究
面向大规模医学图像及诊断报告的跨模态检索关键技术研究,基于图像分割的肺结节CT图像哈希检索
面向大规模医学图像及诊断报告的跨模态检索关键技术研究,基于胸部X 射线影像的常见疾病预测方法研究
面向大规模医学图像及诊断报告的跨模态检索关键技术研究,基于图卷积神经网络的胸部放射影像疾病分类方法
面向大规模医学图像及诊断报告的跨模态检索关键技术研究,结合边缘轮廓和姿态特征的人体精确解析模型
面向大规模医学图像及诊断报告的跨模态检索关键技术研究,基于主题模型的胸部X光片诊断报告异常检测方法
面向大规模医学图像及诊断报告的跨模态检索关键技术研究,基于改进YOLO算法的肺部CT图像中结节检测研究
面向大规模医学图像及诊断报告的跨模态检索关键技术研究,基于多模型融合方法的肺结节良恶性分类
面向大规模医学图像及诊断报告的跨模态检索关键技术研究,基于特征选择与残差融合的肝肿瘤分割模型
面向大规模医学图像及诊断报告的跨模态检索关键技术研究,一种基于主题模型的胸部X光片诊断报告异常检测方法
面向大规模医学图像及诊断报告的跨模态检索关键技术研究,一种基于骨科症状特征选取的文本处理方法
面向大规模医学图像及诊断报告的跨模态检索关键技术研究,基于CNN多层面二阶特征融合的肺结节分类
面向大规模医学图像及诊断报告的跨模态检索关键技术研究,基于综合特征表示与改进宽深度模型的相似病例推荐方法
面向大规模医学图像及诊断报告的跨模态检索关键技术研究,一种深度强相关哈希学习的大规模图像检索方法
面向大规模医学图像及诊断报告的跨模态检索关键技术研究,一种基于多阶段最大化注意力的多项选择机器阅读理解的方法
面向大规模医学图像及诊断报告的跨模态检索关键技术研究,基于改进UNet++的视网膜血管图像分割方法
面向大规模医学图像及诊断报告的跨模态检索关键技术研究,基于实体关系标注策略的中医电子病历实体关系提取方法
面向大规模医学图像及诊断报告的跨模态检索关键技术研究,基于卷积神经网络对肺结节的恶性程度进行分类的方法
面向大规模医学图像及诊断报告的跨模态检索关键技术研究,基于LDA和卷积神经网络的半监督图像标注方法
面向大规模医学图像及诊断报告的跨模态检索关键技术研究,基于多层聚焦Inception-V3卷积网络的细粒度图像分类
面向大规模医学图像及诊断报告的跨模态检索关键技术研究,一种基于词性增量迭代的在线医疗文本症状识别方法
面向大规模医学图像及诊断报告的跨模态检索关键技术研究,面向肺结节多语义特征分类的不确定性多任务损失方法
面向大规模医学图像及诊断报告的跨模态检索关键技术研究,面向大规模图像检索的深度强相关散列学习方法
面向大规模医学图像及诊断报告的跨模态检索关键技术研究,基于SHN模型的商品图像检索方法
面向大规模医学图像及诊断报告的跨模态检索关键技术研究,基于多视图、多尺度、多任务肺结节分类方法
高碳硬线钢中B类非金属夹杂物微观尺度结构生长的三维重构与变形/性行为研究,高碳硬线钢中B类夹杂物的形成与控制技术
高碳硬线钢中B类非金属夹杂物微观尺度结构生长的三维重构与变形/性行为研究,镧对高碳硬线钢中氧化铝夹杂物改性的研究
高碳硬线钢中B类非金属夹杂物微观尺度结构生长的三维重构与变形/性行为研究,HRB500E抗震钢筋中钛化物析出热力学分析
高碳硬线钢中B类非金属夹杂物微观尺度结构生长的三维重构与变形/性行为研究,Nb/V 复合强化对高强度钢筋显微组织和性能的影响
高碳硬线钢中B类非金属夹杂物微观尺度结构生长的三维重构与变形/性行为研究,氧化铝/二氧化铈X射线衍射及拉曼光谱研究
高碳硬线钢中B类非金属夹杂物微观尺度结构生长的三维重构与变形/性行为研究,基于晶格匹配的非金属夹杂物变性过程研究
高碳硬线钢中B类非金属夹杂物微观尺度结构生长的三维重构与变形/性行为研究,一种减少加废钢时粘渣的废钢槽及方法
高碳硬线钢中B类非金属夹杂物微观尺度结构生长的三维重构与变形/性行为研究,钢中非金属夹杂物图像/图谱表征技术
高碳硬线钢中B类非金属夹杂物微观尺度结构生长的三维重构与变形/性行为研究,高强抗震钢筋中铌的碳、氮化物析出热力学研究
高碳硬线钢中B类非金属夹杂物微观尺度结构生长的三维重构与变形/性行为研究,镁处理高碳硬线钢中夹杂物
高碳硬线钢中B类非金属夹杂物微观尺度结构生长的三维重构与变形/性行为研究,一种防止转炉加废钢时废钢槽滑落的装置及使用方法
高碳硬线钢中B类非金属夹杂物微观尺度结构生长的三维重构与变形/性行为研究,SWRS82B钢中稀土元素对氧化铝改性的晶体学
高碳硬线钢中B类非金属夹杂物微观尺度结构生长的三维重构与变形/性行为研究,稀土钇对 SWRS82B 硬线钢中 B 类夹杂物的变性行为影响
高碳硬线钢中B类非金属夹杂物微观尺度结构生长的三维重构与变形/性行为研究,高碳硬线钢中B类夹杂物变性研究现状与进展
高碳硬线钢中B类非金属夹杂物微观尺度结构生长的三维重构与变形/性行为研究,稀土镧/钇复合处理钢中B类夹杂物研究
高碳硬线钢中B类非金属夹杂物微观尺度结构生长的三维重构与变形/性行为研究,一种转炉喷补出钢口辅助装置及方法
高碳硬线钢中B类非金属夹杂物微观尺度结构生长的三维重构与变形/性行为研究,铝元素含量对Fe-Mn-C-Al系TWIP钢中夹杂物的影响
高碳硬线钢中B类非金属夹杂物微观尺度结构生长的三维重构与变形/性行为研究,镧对高碳硬线钢中Al2O3夹杂物改性的晶体学分析
高碳硬线钢中B类非金属夹杂物微观尺度结构生长的三维重构与变形/性行为研究,氧化铝/氧化镧 X射线衍射及拉曼光谱研究
高碳硬线钢中B类非金属夹杂物微观尺度结构生长的三维重构与变形/性行为研究,NbC对HRB500钢筋凝固过程中异质形核与晶粒 细化的影响
高碳硬线钢中B类非金属夹杂物微观尺度结构生长的三维重构与变形/性行为研究,稀土镧对SWRS82B钢中氧化铝夹杂物的影响
高碳硬线钢中B类非金属夹杂物微观尺度结构生长的三维重构与变形/性行为研究,HRB500E 钢中第二相 VC 的异质形核分析与晶粒细化
高碳硬线钢中B类非金属夹杂物微观尺度结构生长的三维重构与变形/性行为研究,高钛含量对高强度抗震钢筋组织和力学性能的影响
高碳硬线钢中B类非金属夹杂物微观尺度结构生长的三维重构与变形/性行为研究,钢中非金属夹杂物图像/图谱表征技术的研究与发展
DEC-205受体介导的树突状细胞靶向杜仲多糖纳米粒的佐剂活性及分子机理研究,一种纳米微球乳液合成装置
DEC-205受体介导的树突状细胞靶向杜仲多糖纳米粒的佐剂活性及分子机理研究,一种高压纳米脂质体膜挤出装置
DEC-205受体介导的树突状细胞靶向杜仲多糖纳米粒的佐剂活性及分子机理研究,手掌参多糖对60Co-γ射线辐射小鼠造血和抗氧化功能损伤的治疗作用研究
DEC-205受体介导的树突状细胞靶向杜仲多糖纳米粒的佐剂活性及分子机理研究,一种纳米级药物颗粒制备装置
DEC-205受体介导的树突状细胞靶向杜仲多糖纳米粒的佐剂活性及分子机理研究,PLGA 纳米粒作为药物载体的靶向作用研究进展
DEC-205受体介导的树突状细胞靶向杜仲多糖纳米粒的佐剂活性及分子机理研究,脂质立方液晶作为药物载体的靶向作用研究进展
DEC-205受体介导的树突状细胞靶向杜仲多糖纳米粒的佐剂活性及分子机理研究,一种功能性纳米微球的制备装置
施用有机物料对潮土结构演变的影响机制研究,融合无人机载激光雷达与多光谱遥感数据的冬小麦叶面积指数反演
施用有机物料对潮土结构演变的影响机制研究,基于全波段高光谱的冬小麦生长参数估算方法比较
施用有机物料对潮土结构演变的影响机制研究,种植物密度测量装置和种植物密度测量方法
施用有机物料对潮土结构演变的影响机制研究,基于GLUE的土壤溶质运移参数反演及不确定性
施用有机物料对潮土结构演变的影响机制研究,土壤检测装置和土壤含水量及容重检测方法
施用有机物料对潮土结构演变的影响机制研究,宇宙射线中子法在农田土壤水分监测中的适用性
施用有机物料对潮土结构演变的影响机制研究,激发式秸秆还田对麦季潮土团聚体中酶活性的影响
施用有机物料对潮土结构演变的影响机制研究,融合宇宙射线中子法和无人机遥感的中小尺度土壤水监测系统及方法
施用有机物料对潮土结构演变的影响机制研究,宇宙射线中子法在土壤水分监测研究中的应用进展
施用有机物料对潮土结构演变的影响机制研究,探针式土壤墒情传感器
施用有机物料对潮土结构演变的影响机制研究,基于FDR的无线土壤墒情检测装置
冲击荷载作用下典型聚脲涂覆防护结构的动态响应与失效机理,一种建筑材料切割装置
冲击荷载作用下典型聚脲涂覆防护结构的动态响应与失效机理,一种多带隙组合调控的混凝土超材料结构及其制备方法
冲击荷载作用下典型聚脲涂覆防护结构的动态响应与失效机理,一种耐伽玛射线辐照聚脲材料及其制备方法
冲击荷载作用下典型聚脲涂覆防护结构的动态响应与失效机理,功能性聚脲弹性体的制备及γ射线辐照对其性能的影响
冲击荷载作用下典型聚脲涂覆防护结构的动态响应与失效机理,一种用于泡沫铝的抗爆耐冲击聚脲涂料及其制备方法
冲击荷载作用下典型聚脲涂覆防护结构的动态响应与失效机理,一种用于玻璃防护的透明保温聚脲涂层材料及其制备方法
融合宇宙射线中子法和无人机遥感的中尺度土壤水分反演方法研究,宇宙射线中子法在土壤水分监测研究中的应用进展
融合宇宙射线中子法和无人机遥感的中尺度土壤水分反演方法研究,基于全波段高光谱的冬小麦生长参数估算方法比较
融合宇宙射线中子法和无人机遥感的中尺度土壤水分反演方法研究,融合无人机载激光雷达与多光谱遥感数据的冬小麦叶面积指数反演
融合宇宙射线中子法和无人机遥感的中尺度土壤水分反演方法研究,压缩感知理论在地学空间数据重构中的应用进展
融合宇宙射线中子法和无人机遥感的中尺度土壤水分反演方法研究,融合宇宙射线中子法和无人机遥感的中小尺度土壤水监测系统及方法
融合宇宙射线中子法和无人机遥感的中尺度土壤水分反演方法研究,种植物密度测量装置和种植物密度测量方法
融合宇宙射线中子法和无人机遥感的中尺度土壤水分反演方法研究,宇宙射线中子法在农田土壤水分监测中的适用性
融合宇宙射线中子法和无人机遥感的中尺度土壤水分反演方法研究,土壤墒情检测装置
基于像素化结构的ZnO:Ga单晶纳米棒阵列 α粒子闪烁屏研究,高显指白光PiG荧光薄膜制备与激光照明应用
基于像素化结构的ZnO:Ga单晶纳米棒阵列 α粒子闪烁屏研究,基于ZnO:In纳米棒阵列的X射线闪烁转换屏制备与性能研究
基于像素化结构的ZnO:Ga单晶纳米棒阵列 α粒子闪烁屏研究,基于钙钛矿纳米晶的γ射线闪烁转换屏的制备方法
基于像素化结构的ZnO:Ga单晶纳米棒阵列 α粒子闪烁屏研究,2020年度博士后科学基金获得者选介
基于像素化结构的ZnO:Ga单晶纳米棒阵列 α粒子闪烁屏研究,通过Pr~(3+)掺杂SrZnOS实现应力发光颜色调控及其应力发光机理
基于像素化结构的ZnO:Ga单晶纳米棒阵列 α粒子闪烁屏研究,中子探测用闪烁材料研究进展
基于像素化结构的ZnO:Ga单晶纳米棒阵列 α粒子闪烁屏研究,Lu2Si2O7:Ce纳米晶的溶胶-凝胶法合成和闪烁性能
基于像素化结构的ZnO:Ga单晶纳米棒阵列 α粒子闪烁屏研究,像素化结构的ZnO:Ga纳米棒阵列α粒子闪烁屏
微波增敏消融联合化疗、PD-1阻断多功能纳米平台的构建及其骨肉瘤治疗机制研究,微波消融治疗肿瘤免疫效应研究进展
微波增敏消融联合化疗、PD-1阻断多功能纳米平台的构建及其骨肉瘤治疗机制研究,微波消融辅助治疗股骨近端巨细胞瘤的应用研究
微波增敏消融联合化疗、PD-1阻断多功能纳米平台的构建及其骨肉瘤治疗机制研究,影像引导下经皮微波消融治疗骨转移癌性疼痛
微波增敏消融联合化疗、PD-1阻断多功能纳米平台的构建及其骨肉瘤治疗机制研究,一种可降解铋基微波诊疗试剂及其制备方法和应用
微波增敏消融联合化疗、PD-1阻断多功能纳米平台的构建及其骨肉瘤治疗机制研究,微波消融在四肢骨巨细胞瘤合并病理性骨折治疗中的应用
微波增敏消融联合化疗、PD-1阻断多功能纳米平台的构建及其骨肉瘤治疗机制研究,微波消融治疗肿瘤的免疫效应研究进展
微波增敏消融联合化疗、PD-1阻断多功能纳米平台的构建及其骨肉瘤治疗机制研究,肿瘤亲骨转移与代谢适应性研究进展
微波增敏消融联合化疗、PD-1阻断多功能纳米平台的构建及其骨肉瘤治疗机制研究,一种用于微波动力治疗肿瘤的微球及其制备方法和应用
考虑应力主轴旋转的围岩板裂化形成机理与结构特征研究,岩石空心圆柱扭剪仪(工装机)
考虑应力主轴旋转的围岩板裂化形成机理与结构特征研究,岩石拉压双面剪切试验装置
考虑应力主轴旋转的围岩板裂化形成机理与结构特征研究,不同应力路径下灰砂岩力学特性与强度参数研究
考虑应力主轴旋转的围岩板裂化形成机理与结构特征研究,一种裂隙试样制备方法
考虑应力主轴旋转的围岩板裂化形成机理与结构特征研究,实现地质探测的组合式TBM及地质探测掘进方法
考虑应力主轴旋转的围岩板裂化形成机理与结构特征研究,硬岩板裂化及其锚固机制
考虑应力主轴旋转的围岩板裂化形成机理与结构特征研究,高应力、高水压耦合作用下水工隧洞安全评价关键技术
考虑应力主轴旋转的围岩板裂化形成机理与结构特征研究,实现卡机脱困的组合式TBM及卡机脱困掘进方法
考虑应力主轴旋转的围岩板裂化形成机理与结构特征研究,等体积空孔直眼掏槽槽腔形成过程及其分析
考虑应力主轴旋转的围岩板裂化形成机理与结构特征研究,岩石多功能剪切试验测试装置
考虑应力主轴旋转的围岩板裂化形成机理与结构特征研究,可伸缩式围压套筒及岩石力学试验仪器
考虑应力主轴旋转的围岩板裂化形成机理与结构特征研究,拉应力作用下黑砂岩剪切破裂面粗糙度表征及各向异性特征研究
考虑应力主轴旋转的围岩板裂化形成机理与结构特征研究,岩石空心圆柱扭剪仪
考虑应力主轴旋转的围岩板裂化形成机理与结构特征研究,深部岩体复杂力学响应关键实验技术与装备
考虑应力主轴旋转的围岩板裂化形成机理与结构特征研究,深部复合地层隧(巷)道TBM安全高效掘进控制关键技术
基于BIM的建筑结构设计知识本体及推演方法,一种以监测数据驱动的综合管廊运维动态风险评价方法
基于BIM的建筑结构设计知识本体及推演方法,以监测报警数据驱动的综合管廊运维动态风险评价
基于BIM的建筑结构设计知识本体及推演方法,基于知识图谱的施工行为安全风险分析与危险点识别的方法
基于BIM的建筑结构设计知识本体及推演方法,基于熵算法改进的故障树-云模型风险分析方法
基于BIM的建筑结构设计知识本体及推演方法,知识图谱改进的施工行为安全风险与危险位置识别算法
基于BIM的建筑结构设计知识本体及推演方法,基于熵算法改进的云模型和故障树古建筑风险分析方法
蛋白质聚集状态影响蛋白质/多糖静电复合及界面/乳化特性的机制研究,一种延缓鱼油氧化的乳液及其制备方法
蛋白质聚集状态影响蛋白质/多糖静电复合及界面/乳化特性的机制研究,玉米醇溶蛋白/阿拉伯胶复合纳米颗粒及其制备方法
蛋白质聚集状态影响蛋白质/多糖静电复合及界面/乳化特性的机制研究,一种蛋黄酱类似物及其制备方法
基于贝叶斯方法整合临床与基因数据的类风湿关节炎预后风险模型研究,基于个体化临床特征构建的评估类风湿性关节炎脑卒中风险的预测模型
基于贝叶斯方法整合临床与基因数据的类风湿关节炎预后风险模型研究,基于ARIMA时间序列模型的某医院急诊量预测分析及效果评价
基于贝叶斯方法整合临床与基因数据的类风湿关节炎预后风险模型研究,SAA4蛋白作为类风湿关节炎诊断标志物的应用、诊断或辅助诊断试剂盒中的应用
基于贝叶斯方法整合临床与基因数据的类风湿关节炎预后风险模型研究,TNF-α-308G/A 基因多态性与 TNF-α 抑制药治疗类风湿关节炎疗效相关性的 Meta 分析
肺部4D CT图像的高精度非刚性配准算法研究,一种在类球体区域约束下进行气管壁缺口封堵的肺气道树分割方法
肺部4D CT图像的高精度非刚性配准算法研究,基于卡尔曼滤波和4D CT图像配准的肺部呼吸运动估计方法
肺部4D CT图像的高精度非刚性配准算法研究,基于图像特征和光流场的非刚性图像配准
肺部4D CT图像的高精度非刚性配准算法研究,基于三维深度学习网络预测肺结节良恶性的多病理类型的分类方法
肺部4D CT图像的高精度非刚性配准算法研究,基于张量稀疏表示的拓扑结构维持的图像配准方法
肺部4D CT图像的高精度非刚性配准算法研究,一种基于模糊主动轮廓的鲁棒局部分割方法
肺部4D CT图像的高精度非刚性配准算法研究,基于人工智能融合多模态信息构建肺结节良恶性的多种病理类型的诊断模型
肺部4D CT图像的高精度非刚性配准算法研究,一种非刚性医学图像配准方法
肺部4D CT图像的高精度非刚性配准算法研究,一种基于窄带约束的几何活动轮廓模型局部分割方法
肺部4D CT图像的高精度非刚性配准算法研究,一种基于三维深度学习网络的肺结节良恶性预测方法
硬脆性岩石强度演化特征与深埋岩体长期强度研究,一种基于套孔应力解除法测量地应力时的激光定位装置
硬脆性岩石强度演化特征与深埋岩体长期强度研究,不同水岩作用下砂岩的力学参数演化特征
硬脆性岩石强度演化特征与深埋岩体长期强度研究,A Geo-Ecological Study and Application of Elastoplastic Damage Constitutive Model for Mudstone
硬脆性岩石强度演化特征与深埋岩体长期强度研究,实现卡机脱困的组合式TBM及卡机脱困掘进方法
硬脆性岩石强度演化特征与深埋岩体长期强度研究,实现岩爆预处理的组合式TBM及岩爆预处理掘进方法
硬脆性岩石强度演化特征与深埋岩体长期强度研究,高地应力硬脆性围岩开挖损伤区时滞性破坏案例分析——特征与机理
lncRNA DRIALA调控自噬介导的乳腺癌细胞凋亡的机制研究,乳腺癌新辅助化疗后病理完全缓解概率预测方法及系统
lncRNA DRIALA调控自噬介导的乳腺癌细胞凋亡的机制研究,一种预测致密型乳腺的乳腺病灶恶性风险模型及其构建方法
lncRNA DRIALA调控自噬介导的乳腺癌细胞凋亡的机制研究,一种环状RNA全长序列的检测方法
lncRNA DRIALA调控自噬介导的乳腺癌细胞凋亡的机制研究,评估Paget’s 病伴浸润性导管癌患者预后的模型及其应用
lncRNA DRIALA调控自噬介导的乳腺癌细胞凋亡的机制研究,乳腺癌循环肿瘤细胞miRNA和EMT标记物联合检测试剂盒及其应用
lncRNA DRIALA调控自噬介导的乳腺癌细胞凋亡的机制研究,一种预测ER+乳腺癌新辅助化疗效果的试剂盒和系统
离心泵叶轮内失速涡的触发机理及动力学特性研究,高抗汽蚀的自吸离心泵
离心泵叶轮内失速涡的触发机理及动力学特性研究,一种抑制离心泵叶轮入口回流涡的机构
离心泵叶轮内失速涡的触发机理及动力学特性研究,一种离心泵半开式叶轮
离心泵叶轮内失速涡的触发机理及动力学特性研究,低比转速离心泵叶轮瞬态空化特性分析
离心泵叶轮内失速涡的触发机理及动力学特性研究,单叶片离心泵蜗壳内二次流的非定常特性研究
离心泵叶轮内失速涡的触发机理及动力学特性研究,一种平面抛光方法
离心泵叶轮内失速涡的触发机理及动力学特性研究,喉管与喷嘴截面积比对射流式鱼泵输送性能及鱼损的影响
冠心病患者健康行为模型及移动健康管理模式的构建与实证研究,不同冠心病患者对健康管理App的需求分析
冠心病患者健康行为模型及移动健康管理模式的构建与实证研究,The effect of bystander cardiopulmonary in increasing survival rate of out-of-hospital cardiac arrest is mainly mediated by survived event
冠心病患者健康行为模型及移动健康管理模式的构建与实证研究,基于多元信息融合的健康生活方式指导系统及方法
冠心病患者健康行为模型及移动健康管理模式的构建与实证研究,"Competencies Related to Informatics and Information Management for Practicing Nurses in Select Countries in Asia. In Judy Murphy, William Goossen, Patrick Weber (Eds). Forecasting Informatics Competencies for Nurses in the Future of Connected Health."
冠心病患者健康行为模型及移动健康管理模式的构建与实证研究,用于患者服药远程监控的服药提醒系统及方法
冠心病患者健康行为模型及移动健康管理模式的构建与实证研究,用于提供冠心病延续性护理的远程医疗系统及方法
冠心病患者健康行为模型及移动健康管理模式的构建与实证研究,移动健康应用进展
冠心病患者健康行为模型及移动健康管理模式的构建与实证研究,2019中国智慧健康医疗创新成果奖
冠心病患者健康行为模型及移动健康管理模式的构建与实证研究,用于健康行为干预的云端管理数据库建立方法及系统
冠心病患者健康行为模型及移动健康管理模式的构建与实证研究,"Adherence to Recommended Lifestyle and Medical Therapies in Persons with Coronary Heart Disease in Beijing, China"
冠心病患者健康行为模型及移动健康管理模式的构建与实证研究,"Development of theory- and evidence-based, individualized, and intelligent interventions to promote the adoption and maintenance of healthy diet and physical activity in patients with coronary heart disease"
冠心病患者健康行为模型及移动健康管理模式的构建与实证研究,No improvement in outcome of out-of-hospital cardiac arrest during 2011-2016 and its associated factors in China
冠心病患者健康行为模型及移动健康管理模式的构建与实证研究,基于移动智能终端的辅助戒烟智能规划系统及方法
高温高频条件下航空合金焊接接头超长寿命疲劳损伤机理与寿命预测研究,基于Abaqus平台疲劳损伤与寿命评估方法
高温高频条件下航空合金焊接接头超长寿命疲劳损伤机理与寿命预测研究,复杂条件下高频振动疲劳试验技术与应用
高温高频条件下航空合金焊接接头超长寿命疲劳损伤机理与寿命预测研究,复杂荷载与环境下超长寿命疲劳测试技术及工程应用
高温高频条件下航空合金焊接接头超长寿命疲劳损伤机理与寿命预测研究,TC17合金电子束焊接接头高周疲劳失效行为研究
高温高频条件下航空合金焊接接头超长寿命疲劳损伤机理与寿命预测研究,基于固有频率的超声疲劳裂纹扩展速率测量方法
高温高频条件下航空合金焊接接头超长寿命疲劳损伤机理与寿命预测研究,基于热耗散的高效率原位超声疲劳实验系统及其实现方法
高温高频条件下航空合金焊接接头超长寿命疲劳损伤机理与寿命预测研究,面心立方材料疲劳过程晶体塑性本构模型建立方法
高温高频条件下航空合金焊接接头超长寿命疲劳损伤机理与寿命预测研究,一种非接触式多尺度裂纹识别方法
高温高频条件下航空合金焊接接头超长寿命疲劳损伤机理与寿命预测研究,基于晶体塑性的疲劳裂纹萌生与扩展的损伤寿命评估方法
高温高频条件下航空合金焊接接头超长寿命疲劳损伤机理与寿命预测研究,一种基于机器学习的材料抗疲劳优化设计方法
高温高频条件下航空合金焊接接头超长寿命疲劳损伤机理与寿命预测研究,一种统一试样尺寸的超声疲劳应力放大装置
高温高频条件下航空合金焊接接头超长寿命疲劳损伤机理与寿命预测研究,基于晶体塑性焊接工艺模型的损伤与疲劳寿命评估方法
基于集合降雨预报和可变模糊集的洪水预报方法研究,一种基于粒子群算法水库多目标供水能力优化方法
基于集合降雨预报和可变模糊集的洪水预报方法研究,一种用于检测河道防汛水位的监测预警系统
基于集合降雨预报和可变模糊集的洪水预报方法研究,一种基于二层结构的流域生态调度方法
基于集合降雨预报和可变模糊集的洪水预报方法研究,水量分配方案组织实施评价指标体系研究
基于集合降雨预报和可变模糊集的洪水预报方法研究,跨流域调水工程水量配置与调度耦合方法研究
基于集合降雨预报和可变模糊集的洪水预报方法研究,一种跨流域调水工程的配置调度方法及装置
基于集合降雨预报和可变模糊集的洪水预报方法研究,一种用于城市道路的分布式排水装置
基于集合降雨预报和可变模糊集的洪水预报方法研究,分布式堤防安全监测系统
基于集合降雨预报和可变模糊集的洪水预报方法研究,一种用于雨水箅子的防溢流装置
基于集合降雨预报和可变模糊集的洪水预报方法研究,基于生态系统服务的水生态资产负债表研究
基于集合降雨预报和可变模糊集的洪水预报方法研究,水库汛限水位实时动态控制方案优选研究
基于集合降雨预报和可变模糊集的洪水预报方法研究,基于可变集理论的流域防洪风险评价
基于集合降雨预报和可变模糊集的洪水预报方法研究,一种用于河道建筑物的鱼嘴型防洪装置
准静态边界条件对输水系统水锤压力的影响研究,大水头变幅长引水系统水电站甩负荷导叶三段关闭规律
准静态边界条件对输水系统水锤压力的影响研究,双滑道旋流式侧壁消能竖井
准静态边界条件对输水系统水锤压力的影响研究,尾水主洞长度对抽水蓄能电站尾水管进口最小压力的影响
准静态边界条件对输水系统水锤压力的影响研究,高水头抽水蓄能电站输水系统上平段末最小压力的影响因素研究
准静态边界条件对输水系统水锤压力的影响研究,一种确定低扬程加压系统停泵事故泵后阀门关闭规律的方法
准静态边界条件对输水系统水锤压力的影响研究,直流式竖井结构卷吸气量及管内气压的计算方法
准静态边界条件对输水系统水锤压力的影响研究,含长连接管的调压室流量系数改进研究
准静态边界条件对输水系统水锤压力的影响研究,一种确定低扬程输水系统停泵事故泵后阀门关闭规律的方法
准静态边界条件对输水系统水锤压力的影响研究,可变速抽蓄机组运行转速对甩负荷过渡过程的影响
准静态边界条件对输水系统水锤压力的影响研究,一种改变城市深隧滞留气团排出位置及时间的结构
准静态边界条件对输水系统水锤压力的影响研究,混合式抽水蓄能电站过渡过程研究
准静态边界条件对输水系统水锤压力的影响研究,一种确定高扬程输水系统停泵事故泵后阀门关闭规律的方法
准静态边界条件对输水系统水锤压力的影响研究,一种解决高扬程输水系统正压过大的阀门操作方法
准静态边界条件对输水系统水锤压力的影响研究,设置尾水连通管的抽水蓄能电站引水发电系统小波动稳定分析
准静态边界条件对输水系统水锤压力的影响研究,一种岩塞爆破水气过渡过程水力特性的计算方法
准静态边界条件对输水系统水锤压力的影响研究,水泵水轮机反S特性对甩负荷过程压强的影响
准静态边界条件对输水系统水锤压力的影响研究,考虑长引水隧洞摩阻的水锤解析法
准静态边界条件对输水系统水锤压力的影响研究,大进气条件下真空破坏阀的模型计算方法
准静态边界条件对输水系统水锤压力的影响研究,机组导叶关闭规律对相继甩工况的影响
准静态边界条件对输水系统水锤压力的影响研究,消能箱
准静态边界条件对输水系统水锤压力的影响研究,一种基于曲柄连杆传力的竖井消能及储能装置
准静态边界条件对输水系统水锤压力的影响研究,降低吸入气体量的直流式跌水结构
准静态边界条件对输水系统水锤压力的影响研究,用于缓解深隧滞留气团排出的管道与入流竖井衔接结构
准静态边界条件对输水系统水锤压力的影响研究,基于同伦函数的水电站小波动特征值研究
准静态边界条件对输水系统水锤压力的影响研究,气垫式水下岩塞爆破过渡过程水力特性研究
准静态边界条件对输水系统水锤压力的影响研究,考虑接力器特性的导叶关闭规律
梯形琴键堰泄流能力影响因素及其敏感性研究,窄缝消能工冲击波及水翅特性研究
梯形琴键堰泄流能力影响因素及其敏感性研究,分散式挑流消能工冲坑深度的预测方法
梯形琴键堰泄流能力影响因素及其敏感性研究,琴键堰水力特性数值模拟
中国水库大坝风险后果分析模型研究,前坪水库安全风险与成本风险协同控制技术
中国水库大坝风险后果分析模型研究,基于集对分析-可变模糊集耦合方法的溃坝环境影响评价
中国水库大坝风险后果分析模型研究,改进的集对分析法在溃坝社会影响评价中的应用
中国水库大坝风险后果分析模型研究,基于模糊集理论的土石坝开裂破坏风险分析
中国水库大坝风险后果分析模型研究,基于广义集对分析法的溃坝环境影响评价
中国水库大坝风险后果分析模型研究,一种便捷的堤坝临水侧渗漏定位装置
中国水库大坝风险后果分析模型研究,基于未确知集对联系数法的溃坝社会影响评价
中国水库大坝风险后果分析模型研究,一种水利工程水闸结构
中国水库大坝风险后果分析模型研究,溃坝风险后果研究现状与发展趋势
中国水库大坝风险后果分析模型研究,土石坝施工期安全风险—成本风险综合评价
中国水库大坝风险后果分析模型研究,基于改进可变模糊集法的溃坝生命损失评价及其应用
基于数字孪生的复杂产品生命周期能效评估理论与优化方法,一种基于自更新模型的流程型生产设备产品质量预测方法
基于数字孪生的复杂产品生命周期能效评估理论与优化方法,一种数字孪生驱动的数控机床刀具监控系统
基于数字孪生的复杂产品生命周期能效评估理论与优化方法,一种数字孪生系统复杂任务可配置高效求解方法和系统
基于数字孪生的复杂产品生命周期能效评估理论与优化方法,一种数字孪生驱动的复杂装备故障预测方法
基于数字孪生的复杂产品生命周期能效评估理论与优化方法,一种数字孪生驱动的热压罐管控系统
基于数字孪生的复杂产品生命周期能效评估理论与优化方法,基于改进类电磁机制算法的绿色柔性作业车间调度方法
基于数字孪生的复杂产品生命周期能效评估理论与优化方法,一种适于制造过程规划的智能优化算法推荐方法
基于数字孪生的复杂产品生命周期能效评估理论与优化方法,面向复杂数控装备的监测评估关键技术及标准体系
基于数字孪生的复杂产品生命周期能效评估理论与优化方法,一种基于数字孪生的车间调度方法
基于数字孪生的复杂产品生命周期能效评估理论与优化方法,面向工业互联网的制造服务协作等级协议轻量级框架研究
基于数字孪生的复杂产品生命周期能效评估理论与优化方法,一种基于机器视觉的数字孪生模型修正方法与系统
稀疏设计空间压缩原理与演进式设计智能创成方法研究,基于图数据库的机械产品数字孪生模型分层建模方法
稀疏设计空间压缩原理与演进式设计智能创成方法研究,一种基于接触加热的弯曲钞票展平装置
稀疏设计空间压缩原理与演进式设计智能创成方法研究,一种基于红外加热的弯曲钞票展平装置
稀疏设计空间压缩原理与演进式设计智能创成方法研究,面向模型重用的仿真云服务平台设计与实现
稀疏设计空间压缩原理与演进式设计智能创成方法研究,基于知识工程的船体焊接工艺研究
真空—堆载联合预压下塑料排水板地基的侧向变形机理与预测方法研究,一种用于路基监测的沉降板
真空—堆载联合预压下塑料排水板地基的侧向变形机理与预测方法研究,新型预应力路基水平附加应力计算的图表法
真空—堆载联合预压下塑料排水板地基的侧向变形机理与预测方法研究,砂井径向排水的不均匀固结效应及简易量化方法
真空—堆载联合预压下塑料排水板地基的侧向变形机理与预测方法研究,深厚软土区超长桩基压缩变形测试及分析
真空—堆载联合预压下塑料排水板地基的侧向变形机理与预测方法研究,一种路基沉降监测装置
真空—堆载联合预压下塑料排水板地基的侧向变形机理与预测方法研究,新型预应力路基坡面法向附加应力扩散规律分析
真空—堆载联合预压下塑料排水板地基的侧向变形机理与预测方法研究,一种真空-堆载联合预压下塑料排水板地基的模型试验装置
真空—堆载联合预压下塑料排水板地基的侧向变形机理与预测方法研究,预应力路堤附加围压场与围压增强效应
稻田水氮耦合尺度效应及其机理,湖北省晚稻灌溉定额计算参数与修订方法研究
稻田水氮耦合尺度效应及其机理,湖北省中稻灌溉定额修订研究
稻田水氮耦合尺度效应及其机理,虾稻共作灌溉定额计算方法
稻田水氮耦合尺度效应及其机理,湖北省早稻灌溉定额修订方法研究
稻田水氮耦合尺度效应及其机理,不同水肥综合调控模式下水稻生长特征_水肥利用率及氮磷流失规律
稻田水氮耦合尺度效应及其机理,湖北省农田水利工程运行维护监管现状及问题对策研究
稻田水氮耦合尺度效应及其机理,基于ORYZA_V3模型的水稻水肥综合调控模式研究
稻田水氮耦合尺度效应及其机理,基于田间管理措施的水稻节水潜力研究
稻田水氮耦合尺度效应及其机理,水稻作物系数计算方法以及水稻灌溉系统
稻田水氮耦合尺度效应及其机理,举水干流水功能区纳污能力计算研究
高拱坝施工缆机安全运行路径实时规划与智能调控,一种用于缆机吊罐入仓过程中的吊罐防摆装置和方法
高拱坝施工缆机安全运行路径实时规划与智能调控,一种混凝土坝缆机入仓轨迹规划与控制方法
高拱坝施工缆机安全运行路径实时规划与智能调控,一种基于多维信息模型的土料场开采规划方法
高拱坝施工缆机安全运行路径实时规划与智能调控,一种组合定位缆机运行监测系统
高拱坝施工缆机安全运行路径实时规划与智能调控,一种复杂形态土料场开挖量计算方法
高拱坝施工缆机安全运行路径实时规划与智能调控,一种土石坝填筑料移动补水装置及方法
高拱坝施工缆机安全运行路径实时规划与智能调控,混凝土拱坝缆机运行轨迹线规划方法
高拱坝施工缆机安全运行路径实时规划与智能调控,一种安全高效的缆机吊罐稳罐装置
高拱坝施工缆机安全运行路径实时规划与智能调控,高拱坝仓面施工时空冲突分析与调整方法研究
高拱坝施工缆机安全运行路径实时规划与智能调控,基于GPS-UWB组合定位技术的缆机施工防碰研究
高拱坝施工缆机安全运行路径实时规划与智能调控,一种大体积混凝土浇筑预防冷缝的施工控制方法
高拱坝施工缆机安全运行路径实时规划与智能调控,一种混凝土高压冲毛机械及施工方法
高拱坝施工缆机安全运行路径实时规划与智能调控,基于高拱坝坝体生长特征的缆机调度仿真研究
高拱坝施工缆机安全运行路径实时规划与智能调控,一种组合定位缆机运行监测系统和缆机防碰调控方法
高拱坝施工缆机安全运行路径实时规划与智能调控,一种大风影响下缆机吊罐摆动的风洞试验研究装置
高拱坝施工缆机安全运行路径实时规划与智能调控,建筑保温被收铺机
高拱坝施工缆机安全运行路径实时规划与智能调控,边坡开挖数字化施工与质量控制方法
高拱坝施工缆机安全运行路径实时规划与智能调控,一种大风影响下缆机吊罐摆动的风洞试验研究装置及方法
纳米水铁矿在土壤中的稳定性及其与砷的协同迁移机制,~(79)Se与黄铁矿反应路径模拟研究
纳米水铁矿在土壤中的稳定性及其与砷的协同迁移机制,2-线和6-线水铁矿对水中砷的吸附解吸行为研究
纳米水铁矿在土壤中的稳定性及其与砷的协同迁移机制,改性纳米零价铁去除水中Se(Ⅵ)的机理
纳米水铁矿在土壤中的稳定性及其与砷的协同迁移机制,不同组成有机质对土壤中砷迁移行为的影响
纳米水铁矿在土壤中的稳定性及其与砷的协同迁移机制,基于CiteSpace的农业领域水-能-粮纽带研究进展
纳米水铁矿在土壤中的稳定性及其与砷的协同迁移机制,试管清洗装置
纳米水铁矿在土壤中的稳定性及其与砷的协同迁移机制,基于XPS对硫铁矿去除SeO_3~(2-)的机理研究
带温大塑性变形制备超细/纳米晶双相不锈钢及其在深海环境下的冲刷腐蚀特性研究,一种C6H12O6水溶液淬火冷却介质及其制备方法
带温大塑性变形制备超细/纳米晶双相不锈钢及其在深海环境下的冲刷腐蚀特性研究,一种钢筋表面纳米化复合涂层及其制备方法与应用
带温大塑性变形制备超细/纳米晶双相不锈钢及其在深海环境下的冲刷腐蚀特性研究,超声喷丸对钢基体表面发黑膜耐蚀性的影响
带温大塑性变形制备超细/纳米晶双相不锈钢及其在深海环境下的冲刷腐蚀特性研究,一种中碳钢表面微纳米多尺度结构的制备方法
带温大塑性变形制备超细/纳米晶双相不锈钢及其在深海环境下的冲刷腐蚀特性研究,一种耐海水冲刷腐蚀双相不锈钢的制备方法
带温大塑性变形制备超细/纳米晶双相不锈钢及其在深海环境下的冲刷腐蚀特性研究,一种碳钢表面处理方法
基于潮汐发电贯流式水轮机水动力特性的过鱼伤害机理研究,一种全贯流式水轮机扭矩测量装置及方法
基于潮汐发电贯流式水轮机水动力特性的过鱼伤害机理研究,鱼类友好型水轮机设计研究综述
基于潮汐发电贯流式水轮机水动力特性的过鱼伤害机理研究,桨叶调节对轴流式水轮机甩负荷特性影响研究
基于潮汐发电贯流式水轮机水动力特性的过鱼伤害机理研究,一种带有渐密孔的凸型导板水车增能装置
具有加性时变时滞和马尔科夫跳跃的中立型动力系统的稳定与控制,具有加性时变时滞神经网络的稳定性分析
具有加性时变时滞和马尔科夫跳跃的中立型动力系统的稳定与控制,消声器筒体的旋转翻边装置
具有加性时变时滞和马尔科夫跳跃的中立型动力系统的稳定与控制,一种改进的中立型时滞系统稳定性
具有加性时变时滞和马尔科夫跳跃的中立型动力系统的稳定与控制,中立型四元数神经网络的稳定性分析
具有加性时变时滞和马尔科夫跳跃的中立型动力系统的稳定与控制,二阶凸优化不等式及加性时变时滞系统的稳定性研究
具有加性时变时滞和马尔科夫跳跃的中立型动力系统的稳定与控制,不等式及时滞系统的镇定性研究
具有加性时变时滞和马尔科夫跳跃的中立型动力系统的稳定与控制,Improved stability condition for systems with discrete distributed delay
具有加性时变时滞和马尔科夫跳跃的中立型动力系统的稳定与控制,广义Pythagorean模糊软集及其在医疗诊断中的应用
具有加性时变时滞和马尔科夫跳跃的中立型动力系统的稳定与控制,用于汽车消声器的一体式旋转操作装置
具有加性时变时滞和马尔科夫跳跃的中立型动力系统的稳定与控制,New stabilization criteria for neutral time-delay systems via novel inequality
具有加性时变时滞和马尔科夫跳跃的中立型动力系统的稳定与控制,新的Jensen类二重积分不等式的改进
水工混凝土早龄期热膨胀系数的多尺度预测模型,一种混凝土早龄期热膨胀系数多尺度模型的预测方法
水工混凝土早龄期热膨胀系数的多尺度预测模型,一种硬化水泥砂浆热膨胀系数的多尺度预测方法
水工混凝土早龄期热膨胀系数的多尺度预测模型,一种硬化混凝土热膨胀系数的多尺度预测方法
降雨诱发土质滑坡大变形破坏机制分析与致灾范围预测,一种基于径向基点插值法求解渗流自由面的优化算法
降雨诱发土质滑坡大变形破坏机制分析与致灾范围预测,一种剑桥自钻式旁压仪钻头钻进速度测量装置
新型免疫刺激剂的设计、合成及免疫评价,新型疫苗佐剂及其在新冠肺炎疫苗和其他疫苗中的应用
新型免疫刺激剂的设计、合成及免疫评价,新型冠状病毒疫苗设计原理与研究进展
不确定条件下半湿润偏旱灌区多目标水资源优化配置模型和应用研究,一种用于集体宿舍的污水分类过滤再利用装置
不确定条件下半湿润偏旱灌区多目标水资源优化配置模型和应用研究,2-线和6-线水铁矿对水中砷的吸附解吸行为研究
不确定条件下半湿润偏旱灌区多目标水资源优化配置模型和应用研究,土壤饱和导水率测定装置
不确定条件下半湿润偏旱灌区多目标水资源优化配置模型和应用研究,基于用水满意度的水资源优化配置模型研究
不确定条件下半湿润偏旱灌区多目标水资源优化配置模型和应用研究,山西省农业水资源与经济发展响应关系评价
不确定条件下半湿润偏旱灌区多目标水资源优化配置模型和应用研究,试管清洗装置
不确定条件下半湿润偏旱灌区多目标水资源优化配置模型和应用研究,基于CiteSpace的农业WEF纽带研究进展
不确定条件下半湿润偏旱灌区多目标水资源优化配置模型和应用研究,一种新型暗盒修复支架
基于分形理论的三维岩体裂隙网络非线性渗流机理研究,不同侧压力系数下裂隙网络岩体非线性渗流特性
基于分形理论的三维岩体裂隙网络非线性渗流机理研究,岩体裂隙网络渗透系数方向性测试及可视化系统
基于分形理论的三维岩体裂隙网络非线性渗流机理研究,一种用于三维裂隙岩样的水-力耦合加载装置及加载方法
基于分形理论的三维岩体裂隙网络非线性渗流机理研究,"复杂裂隙岩体线性及非线性渗流行为的试验和数值模拟研究,青年人才托举工程"
基于分形理论的三维岩体裂隙网络非线性渗流机理研究,一种裂隙网络剪切-两相流试验装置及试验方法
基于分形理论的三维岩体裂隙网络非线性渗流机理研究,岩体裂隙网络渗流各向异性测试及可视化系统
基于分形理论的三维岩体裂隙网络非线性渗流机理研究,"裂隙岩体剪切渗流特性研究,青年科技奖(金奖)"
基于分形理论的三维岩体裂隙网络非线性渗流机理研究,一种用于裂隙网络剪切渗流试验装置及其试验方法
基于分形理论的三维岩体裂隙网络非线性渗流机理研究,一种含天然三维裂隙类岩石试样的制作方法
基于分形理论的三维岩体裂隙网络非线性渗流机理研究,一种用于冲击试验的实时化学腐蚀装置及方法
基于函数型数据分析的鄱阳湖水资源短缺动态综合评价模型研究,沉积物重金属的随机生态风险评价模型
基于函数型数据分析的鄱阳湖水资源短缺动态综合评价模型研究,基于健康风险的致癌重金属灰水足迹研究
基于函数型数据分析的鄱阳湖水资源短缺动态综合评价模型研究,基于健康风险的改进CCME WQI模型及其应用
基于函数型数据分析的鄱阳湖水资源短缺动态综合评价模型研究,一种声波地下管道探测装置
基于函数型数据分析的鄱阳湖水资源短缺动态综合评价模型研究,基于地累积向量模型的湖泊沉积物重金属污染评价
基于函数型数据分析的鄱阳湖水资源短缺动态综合评价模型研究,基于理化-生物指标与CCMEWQI模型的水质综合评价
基于函数型数据分析的鄱阳湖水资源短缺动态综合评价模型研究,基于健康风险的改进内梅罗指数模型
基于函数型数据分析的鄱阳湖水资源短缺动态综合评价模型研究,基于灰关联分析的改进地累积指数模型
基于函数型数据分析的鄱阳湖水资源短缺动态综合评价模型研究,熵权法在地下水环境质量评价中的局限性
基于函数型数据分析的鄱阳湖水资源短缺动态综合评价模型研究,基于模糊可变集合理论的改进型加拿大水质指数评价方法及应用
基于函数型数据分析的鄱阳湖水资源短缺动态综合评价模型研究,基于不确定分析的改进灰水足迹模型及应用
基于函数型数据分析的鄱阳湖水资源短缺动态综合评价模型研究,一种小便池新型节水装置
弱刚度工件的多机械臂协调加工方法研究,一种基于四阶矩估计的工业机器人可靠性计算方法
弱刚度工件的多机械臂协调加工方法研究,基于双机械臂协作打磨系统的动力学模型设计方法
弱刚度工件的多机械臂协调加工方法研究,一种液体晃动模型参考自适应抑制运动控制方法
弱刚度工件的多机械臂协调加工方法研究,一种基于速度重配的协调机械臂多约束加工优化方法
弱刚度工件的多机械臂协调加工方法研究,一种基于神经网络的6轴机器人动力学参数辨识方法
弱刚度工件的多机械臂协调加工方法研究,基于四阶矩估计的机器人运动可靠性分析
弱刚度工件的多机械臂协调加工方法研究,一种角度可调的多自由度抛光机打磨头机构
弱刚度工件的多机械臂协调加工方法研究,不确定混沌系统间接自适应模糊最优同步控制器设计方法
弱刚度工件的多机械臂协调加工方法研究,一种基于关节能耗评估的机器人工作单元布局优化方法
弱刚度工件的多机械臂协调加工方法研究,一种岛中含湖型截面的环切刀轨连接方法
弱刚度工件的多机械臂协调加工方法研究,一种协调机械臂自适应神经网络同步鲁棒控制器设计方法
弱刚度工件的多机械臂协调加工方法研究,电极损耗分层预变形补偿方法
弱刚度工件的多机械臂协调加工方法研究,一种基于空间两点投影的机器人坐标标定方法
区域抗旱自适应能力形成机制与定量评估方法研究,基于SWAT模型的淮河上游流域设计洪水修订
区域抗旱自适应能力形成机制与定量评估方法研究,1960-2016年三峡库区极端降水事件时空变化特征
区域抗旱自适应能力形成机制与定量评估方法研究,淮河上游植被对气象干旱的响应
区域抗旱自适应能力形成机制与定量评估方法研究,一种基于Logistic的抗旱适宜供水量确定方法
区域抗旱自适应能力形成机制与定量评估方法研究,一种计算自然流域植物截流量的方法
区域抗旱自适应能力形成机制与定量评估方法研究,一种计算自然流域表面坑洼滞蓄量的方法
区域抗旱自适应能力形成机制与定量评估方法研究,三峡库区气象干旱演变特征及致灾因子危险性评价
区域抗旱自适应能力形成机制与定量评估方法研究,基于耗水视角的水资源承载能力及其支撑流域调水规模研究
区域抗旱自适应能力形成机制与定量评估方法研究,一种基于益本比函数的适宜抗旱能力分析方法
区域抗旱自适应能力形成机制与定量评估方法研究,自然流域划分法中确定子流域降雨量时空分布的方法
面向航空发动机苛刻环境光纤传感的关键科学问题研究,一种碳纤维管封装的光纤光栅压力传感器
面向航空发动机苛刻环境光纤传感的关键科学问题研究,微纳结构的耐高温法布里-珀罗腔传感结构及系统
面向航空发动机苛刻环境光纤传感的关键科学问题研究,一种螺旋形蓝宝石光纤布拉格光栅、制备方法及其应用
面向航空发动机苛刻环境光纤传感的关键科学问题研究,油气井下光纤光栅温度压力传感器
面向航空发动机苛刻环境光纤传感的关键科学问题研究,一种利用飞秒激光直写技术制备啁啾光纤光栅的方法
面向航空发动机苛刻环境光纤传感的关键科学问题研究,Research Progress on S Fiber Taper
面向航空发动机苛刻环境光纤传感的关键科学问题研究,一种S形光纤锥免疫传感器、制备方法及其应用
地下滴灌多孔出流特性及均匀度数值模型研究,确定地下滴灌管上式滴头流量及土壤水正压的测定装置
地下滴灌多孔出流特性及均匀度数值模型研究,内镶贴片式滴灌带局部水头损失试验研究
基于位置服务的地理社交网络模型构建及隐私保护方法研究,基于三维网格划分的隐私保护轨迹数据发布方法
基于位置服务的地理社交网络模型构建及隐私保护方法研究,网络中重叠社团的挖掘方法
基于位置服务的地理社交网络模型构建及隐私保护方法研究,基于非敏感信息分析的轨迹数据隐私保护发布
基于位置服务的地理社交网络模型构建及隐私保护方法研究,一种基于红外传感器的吊扇
基于位置服务的地理社交网络模型构建及隐私保护方法研究,基于信任激励和位置隐私保护的k近邻查询方法
基于位置服务的地理社交网络模型构建及隐私保护方法研究,特征化密度峰聚类的出租车热点区域提取方法
基于位置服务的地理社交网络模型构建及隐私保护方法研究,一种隐私保护的共享近邻密度峰聚类方法
基于位置服务的地理社交网络模型构建及隐私保护方法研究,基于超图结构的社交网络推荐模型构建方法
基于位置服务的地理社交网络模型构建及隐私保护方法研究,一种结合方向扩散的指纹方向场提取方法
基于位置服务的地理社交网络模型构建及隐私保护方法研究,一种隐私保护空间离群点检测方法
基于位置服务的地理社交网络模型构建及隐私保护方法研究,基于SVD填充的混合推荐算法
基于位置服务的地理社交网络模型构建及隐私保护方法研究,Top-Down grid位置敏感哈希k匿名隐私保护
基于位置服务的地理社交网络模型构建及隐私保护方法研究,Geohash压缩的地图匹配方法
基于位置服务的地理社交网络模型构建及隐私保护方法研究,基于情感与信任的协同过滤推荐方法
基于位置服务的地理社交网络模型构建及隐私保护方法研究,一种面向脑网络的结构化特征选择方法
基于位置服务的地理社交网络模型构建及隐私保护方法研究,基于群智感知的多目标多约束路线推荐方法
基于位置服务的地理社交网络模型构建及隐私保护方法研究,群智感知中基于k-匿名的位置及数据隐私保护方法研究已勘误
基于位置服务的地理社交网络模型构建及隐私保护方法研究,基于插值点的匿名隐私保护方法
基于位置服务的地理社交网络模型构建及隐私保护方法研究,基于区域划分的轨迹隐私保护方法
基于位置服务的地理社交网络模型构建及隐私保护方法研究,连续查询语义位置隐私保护方法及系统、连续查询系统
基于位置服务的地理社交网络模型构建及隐私保护方法研究,传感器网络中基于路线的隐私保护数据聚集算法
基于位置服务的地理社交网络模型构建及隐私保护方法研究,一种群智感知中基于k-匿名的位置及数据隐私保护方法
基于位置服务的地理社交网络模型构建及隐私保护方法研究,一种基于Geohash的网格化位置隐私保护方法及装置
基于位置服务的地理社交网络模型构建及隐私保护方法研究,基于BP神经网络的异常轨迹检测方法
基于位置服务的地理社交网络模型构建及隐私保护方法研究,一种路网环境下基于隐私偏好的语义位置隐私保护方法
基于位置服务的地理社交网络模型构建及隐私保护方法研究,基于Geohash编码的位置隐私保护算法
基于位置服务的地理社交网络模型构建及隐私保护方法研究,基于公共分片子序列的轨迹离群点检测方法
基于位置服务的地理社交网络模型构建及隐私保护方法研究,障碍空间中基于并行蚁群算法的k近邻查询
基于位置服务的地理社交网络模型构建及隐私保护方法研究,面向功能性脑网络的多阈值下基于多任务的特征选择方法
基于位置服务的地理社交网络模型构建及隐私保护方法研究,基于U盾的Web数据存储和数据传输方法
基于位置服务的地理社交网络模型构建及隐私保护方法研究,一种基于用户情感和时间动态的旅游目的地推荐方法
基于位置服务的地理社交网络模型构建及隐私保护方法研究,一种隐私保护的两层传感器网络范围查询系统及方法
基于位置服务的地理社交网络模型构建及隐私保护方法研究,基于分类耦合字典稀疏表示的指纹图像超分辨率方法
基于位置服务的地理社交网络模型构建及隐私保护方法研究,基于网络层的安全传输方法
基于位置服务的地理社交网络模型构建及隐私保护方法研究,基于地理社交网络的频繁位置隐私保护算法
基于位置服务的地理社交网络模型构建及隐私保护方法研究,基于位置服务的分布式差分隐私推荐方法
基于位置服务的地理社交网络模型构建及隐私保护方法研究,基于群智感知的旅游路线个性化推荐方法
基于位置服务的地理社交网络模型构建及隐私保护方法研究,一种基于格点排列的十字绣模板识别方法
基于位置服务的地理社交网络模型构建及隐私保护方法研究,基于匿名的网络最短路径隐私保护方法
基于位置服务的地理社交网络模型构建及隐私保护方法研究,基于移动通信的信任推荐模型的构建方法及其构建系统
基于位置服务的地理社交网络模型构建及隐私保护方法研究,一种基于局部密度和聚类中心优化的密度峰聚类方法
基于位置服务的地理社交网络模型构建及隐私保护方法研究,一种基于同态加密的隐私保护密度峰聚类方法
基于位置服务的地理社交网络模型构建及隐私保护方法研究,基于轨迹大数据的轨迹异常检测方法
基于位置服务的地理社交网络模型构建及隐私保护方法研究,基于接头暗号匿名的物联网身份认证方法
基于位置服务的地理社交网络模型构建及隐私保护方法研究,一种基于单点收益的轨迹隐私保护方法
基于位置服务的地理社交网络模型构建及隐私保护方法研究,传感器网络中面向隐私保护的连续数据聚集方法
基于位置服务的地理社交网络模型构建及隐私保护方法研究,一种基于半监督学习图像聚类的数据处理方法和系统
基于位置服务的地理社交网络模型构建及隐私保护方法研究,基于优化局部抑制的轨迹数据发布隐私保护算法
基于位置服务的地理社交网络模型构建及隐私保护方法研究,基于信息熵抑制的轨迹隐私保护方法
基于位置服务的地理社交网络模型构建及隐私保护方法研究,一种群智感知中基于椭圆曲线的聚合数据隐私保护方法
基于位置服务的地理社交网络模型构建及隐私保护方法研究,路网环境下的语义多样性位置隐私保护方法
基于位置服务的地理社交网络模型构建及隐私保护方法研究,面向连续查询的敏感语义位置隐私保护方案
基于位置服务的地理社交网络模型构建及隐私保护方法研究,一种群智感知中基于切片的轨迹隐私保护方法
基于位置服务的地理社交网络模型构建及隐私保护方法研究,基于改进四叉树的差分隐私保护方法
基于位置服务的地理社交网络模型构建及隐私保护方法研究,传感器网络中安全可验证的连续数据收集方法
基于位置服务的地理社交网络模型构建及隐私保护方法研究,基于Flickr地理标签元的旅游历史数据获取方法
基于位置服务的地理社交网络模型构建及隐私保护方法研究,社区医疗物联网隐私保护方法
基于位置服务的地理社交网络模型构建及隐私保护方法研究,基于安全求和的移动群智感知隐私保护真值发现方法
基于位置服务的地理社交网络模型构建及隐私保护方法研究,一种基于改进KD树数据结构的隐私保护方法
基于位置服务的地理社交网络模型构建及隐私保护方法研究,一种基于数据安全的混合聚类方法
基于位置服务的地理社交网络模型构建及隐私保护方法研究,基于KD树最优投影划分的k匿名算法
基于位置服务的地理社交网络模型构建及隐私保护方法研究,一种基于串行通信接口的FPGA在线验证结构和方法
基于位置服务的地理社交网络模型构建及隐私保护方法研究,一种出租车热点区域的提取方法
基于位置服务的地理社交网络模型构建及隐私保护方法研究,一种基于差分隐私保护的谱聚类方法
基于位置服务的地理社交网络模型构建及隐私保护方法研究,一种基于数据流的敏感数据挖掘保护方法
基于位置服务的地理社交网络模型构建及隐私保护方法研究,一种基于权值分布的阈值化方法
基于位置服务的地理社交网络模型构建及隐私保护方法研究,一种基于Laplacian算子的特征选择方法
