学者,专著标题
周辉,硬岩板裂化及其锚固机制
卢景景,硬岩板裂化及其锚固机制
张春生,硬岩板裂化及其锚固机制
陈建林,硬岩板裂化及其锚固机制
吴瑛,"Competencies Related to Informatics and Information Management for Practicing Nurses in Select Countries in Asia. In Judy Murphy, William Goossen, Patrick Weber (Eds). Forecasting Informatics Competencies for Nurses in the Future of Connected Health."
王艳玲,"Competencies Related to Informatics and Information Management for Practicing Nurses in Select Countries in Asia. In Judy Murphy, William Goossen, Patrick Weber (Eds). Forecasting Informatics Competencies for Nurses in the Future of Connected Health."
季美华,"Competencies Related to Informatics and Information Management for Practicing Nurses in Select Countries in Asia. In Judy Murphy, William Goossen, Patrick Weber (Eds). Forecasting Informatics Competencies for Nurses in the Future of Connected Health."
熊良林,不等式及时滞系统的镇定性研究
张海洋,不等式及时滞系统的镇定性研究
吴涛,不等式及时滞系统的镇定性研究
邱洁,不等式及时滞系统的镇定性研究
